timestamp,task,model,dataset,protected_attr,seed,param_name,param_value,repair_metric_name,repair_metric_before,repair_metric_after,acc_before,acc_after,loc_time,ver_time,repair_time,total_time
2026-06-26 20:01:37,Backdoor,NN2,MNIST,none,0,lambda_clean,0.1,ASR,100.0,0.0023,99.56,98.72,9.16,0.0,32.02,41.17
2026-06-26 20:02:41,Backdoor,NN2,MNIST,none,0,lambda_clean,0.2,ASR,100.0,0.0023,99.56,98.94,20.39,0.0,24.76,45.16
2026-06-26 20:03:37,Backdoor,NN2,MNIST,none,0,lambda_clean,0.3,ASR,100.0,0.0091,99.56,98.9,17.95,0.0,20.89,38.84
2026-06-26 20:04:50,Backdoor,NN2,MNIST,none,0,lambda_clean,0.4,ASR,100.0,0.0068,99.56,99.2,19.45,0.0,36.23,55.68
2026-06-26 20:06:03,Backdoor,NN2,MNIST,none,0,lambda_clean,0.5,ASR,100.0,0.0000,99.56,99.58,19.84,0.0,33.57,53.41
2026-06-26 20:07:21,Backdoor,NN2,MNIST,none,0,lambda_clean,0.6,ASR,100.0,0.0001,99.56,99.56,18.97,0.0,40.6,59.57
2026-06-26 20:08:08,Backdoor,NN2,MNIST,none,0,lambda_clean,0.7,ASR,100.0,0.0002,99.56,99.48,14.61,0.0,15.66,30.28
2026-06-26 20:09:21,Backdoor,NN2,MNIST,none,0,lambda_clean,0.8,ASR,100.0,0.0011,99.56,99.4,18.42,0.0,35.4,53.82
2026-06-26 20:10:39,Backdoor,NN2,MNIST,none,0,lambda_clean,0.9,ASR,100.0,0.0003,99.56,99.52,19.04,0.0,39.91,58.96
2026-06-26 20:11:47,Backdoor,NN2,Fashion-MNIST,none,0,lambda_clean,0.1,ASR,98.5556,0.0,92.4,91.48,23.67,0.0,26.1,49.78
2026-06-26 20:12:49,Backdoor,NN2,Fashion-MNIST,none,0,lambda_clean,0.2,ASR,98.5556,0.0,92.4,91.92,23.02,0.0,21.93,44.95
2026-06-26 20:13:44,Backdoor,NN2,Fashion-MNIST,none,0,lambda_clean,0.3,ASR,98.5556,0.0444,92.4,92.2,12.09,0.0,18.4,30.49
2026-06-26 20:15:20,Backdoor,NN2,Fashion-MNIST,none,0,lambda_clean,0.4,ASR,98.5556,0.0,92.4,92.36,24.35,0.0,49.38,73.73
2026-06-26 20:16:04,Backdoor,NN2,Fashion-MNIST,none,0,lambda_clean,0.5,ASR,98.5556,0.0,92.4,92.3,14.25,0.0,14.83,29.08
2026-06-26 20:17:15,Backdoor,NN2,Fashion-MNIST,none,0,lambda_clean,0.6,ASR,98.5556,0.0,92.4,92.38,16.64,0.0,38.47,55.11
2026-06-26 20:18:17,Backdoor,NN2,Fashion-MNIST,none,0,lambda_clean,0.7,ASR,98.5556,0.0,92.4,92.46,24.04,0.0,18.18,42.22
2026-06-26 20:18:52,Backdoor,NN2,Fashion-MNIST,none,0,lambda_clean,0.8,ASR,98.5556,0.0222,92.4,92.46,12.27,0.0,8.64,20.91
2026-06-26 20:19:35,Backdoor,NN2,Fashion-MNIST,none,0,lambda_clean,0.9,ASR,98.5556,0.0,92.4,92.46,12.68,0.0,19.28,31.97
2026-06-26 20:21:43,Backdoor,NN2,GTSRB,none,0,lambda_clean,0.1,ASR,93.4678,0.019,97.2354,97.2786,40.09,0.0,70.16,110.25
2026-06-26 20:23:29,Backdoor,NN2,GTSRB,none,0,lambda_clean,0.2,ASR,93.4678,0.063,97.2354,97.6242,28.84,0.0,59.32,88.16
2026-06-26 20:25:43,Backdoor,NN2,GTSRB,none,0,lambda_clean,0.3,ASR,93.4678,0.0046,97.2354,97.8402,37.79,0.0,76.1,113.89
2026-06-26 20:28:06,Backdoor,NN2,GTSRB,none,0,lambda_clean,0.4,ASR,93.4678,0.0003,97.2354,97.6242,44.86,0.0,78.18,123.05
2026-06-26 20:29:10,Backdoor,NN2,GTSRB,none,0,lambda_clean,0.5,ASR,93.4678,0.0000,97.2354,97.581,19.83,0.0,32.5,52.33
2026-06-26 20:30:17,Backdoor,NN2,GTSRB,none,0,lambda_clean,0.6,ASR,93.4678,0.0001,97.2354,97.7538,20.2,0.0,35.02,55.21
2026-06-26 20:31:23,Backdoor,NN2,GTSRB,none,0,lambda_clean,0.7,ASR,93.4678,0.0008,97.2354,97.797,20.63,0.0,34.45,55.08
2026-06-26 20:32:26,Backdoor,NN2,GTSRB,none,0,lambda_clean,0.8,ASR,93.4678,0.0031,97.2354,97.4514,18.82,0.0,32.85,51.67
2026-06-26 20:33:44,Backdoor,NN2,GTSRB,none,0,lambda_clean,0.9,ASR,93.4678,0.0007,97.2354,97.8402,19.8,0.0,46.8,66.6
2026-06-26 20:34:33,Backdoor,NN2,CIFAR-10,none,0,lambda_clean,0.1,ASR,96.218,1.2013,71.04,69.8,13.69,0.0,22.09,35.78
2026-06-26 20:35:32,Backdoor,NN2,CIFAR-10,none,0,lambda_clean,0.2,ASR,96.218,1.4016,71.04,69.64,13.91,0.0,31.17,45.08
2026-06-26 20:37:17,Backdoor,NN2,CIFAR-10,none,0,lambda_clean,0.3,ASR,96.218,1.535,71.04,69.44,28.61,0.0,52.59,81.2
2026-06-26 20:38:22,Backdoor,NN2,CIFAR-10,none,0,lambda_clean,0.4,ASR,96.218,1.535,71.04,69.02,23.15,0.0,27.53,50.68
2026-06-26 20:39:17,Backdoor,NN2,CIFAR-10,none,0,lambda_clean,0.5,ASR,96.218,1.5795,71.04,68.74,14.34,0.0,25.32,39.65
2026-06-26 20:40:14,Backdoor,NN2,CIFAR-10,none,0,lambda_clean,0.6,ASR,96.218,1.9132,71.04,68.18,17.3,0.0,26.09,43.4
2026-06-26 20:41:10,Backdoor,NN2,CIFAR-10,none,0,lambda_clean,0.7,ASR,96.218,2.0022,71.04,67.68,16.58,0.0,24.77,41.35
2026-06-26 20:42:29,Backdoor,NN2,CIFAR-10,none,0,lambda_clean,0.8,ASR,96.218,2.1357,71.04,67.42,14.46,0.0,49.61,64.07
2026-06-26 20:44:21,Backdoor,NN2,CIFAR-10,none,0,lambda_clean,0.9,ASR,96.218,2.2024,71.04,67.0,29.23,0.0,54.2,83.43
2026-06-26 20:51:20,Safety,NN5,ACAS_Xu_N2_9,none,0,lambda_clean,0.1,VR,1.0,0.0,1.0,1.0,18.43,0.0,385.75,404.18
2026-06-26 20:57:31,Safety,NN5,ACAS_Xu_N2_9,none,0,lambda_clean,0.2,VR,1.0,0.0,1.0,1.0,16.06,0.0,342.17,358.22
2026-06-26 21:03:19,Safety,NN5,ACAS_Xu_N2_9,none,0,lambda_clean,0.3,VR,1.0,0.0,1.0,1.0,20.94,0.0,312.36,333.3
2026-06-26 21:09:20,Safety,NN5,ACAS_Xu_N2_9,none,0,lambda_clean,0.4,VR,1.0,0.0,1.0,1.0,8.56,0.0,345.01,353.57
2026-06-26 21:14:00,Safety,NN5,ACAS_Xu_N2_9,none,0,lambda_clean,0.5,VR,1.0,0.0,1.0,1.0,9.76,0.0,262.91,272.67
2026-06-26 21:18:56,Safety,NN5,ACAS_Xu_N2_9,none,0,lambda_clean,0.6,VR,1.0,0.0,1.0,1.0,9.22,0.0,278.63,287.85
2026-06-26 21:23:54,Safety,NN5,ACAS_Xu_N2_9,none,0,lambda_clean,0.7,VR,1.0,0.0,1.0,0.9999,9.04,0.0,282.39,291.43
2026-06-26 21:29:34,Safety,NN5,ACAS_Xu_N2_9,none,0,lambda_clean,0.8,VR,1.0,0.0,1.0,0.9998,9.56,0.0,322.6,332.16
2026-06-26 21:33:56,Safety,NN5,ACAS_Xu_N2_9,none,0,lambda_clean,0.9,VR,1.0,0.0,1.0,0.9998,11.03,0.0,235.19,246.22
2026-06-26 21:37:36,Safety,NN6,ACAS_Xu_N3_3,none,0,lambda_clean,0.1,VR,1.0,0.0,1.0,0.9999,10.65,0.0,202.81,213.46
2026-06-26 21:41:16,Safety,NN6,ACAS_Xu_N3_3,none,0,lambda_clean,0.2,VR,1.0,0.0,1.0,0.9999,11.29,0.0,201.03,212.32
2026-06-26 21:44:55,Safety,NN6,ACAS_Xu_N3_3,none,0,lambda_clean,0.3,VR,1.0,0.0,1.0,1.0,12.18,0.0,198.79,210.97
2026-06-26 21:48:27,Safety,NN6,ACAS_Xu_N3_3,none,0,lambda_clean,0.4,VR,1.0,0.0,1.0,1.0,11.53,0.0,193.13,204.66
2026-06-26 21:52:00,Safety,NN6,ACAS_Xu_N3_3,none,0,lambda_clean,0.5,VR,1.0,0.0,1.0,1.0,11.34,0.0,194.88,206.22
2026-06-26 21:55:31,Safety,NN6,ACAS_Xu_N3_3,none,0,lambda_clean,0.6,VR,1.0,0.0,1.0,1.0,11.35,0.0,192.54,203.89
2026-06-26 21:59:04,Safety,NN6,ACAS_Xu_N3_3,none,0,lambda_clean,0.7,VR,1.0,0.0,1.0,1.0,11.41,0.0,194.27,205.68
2026-06-26 22:02:42,Safety,NN6,ACAS_Xu_N3_3,none,0,lambda_clean,0.8,VR,1.0,0.0,1.0,1.0,11.85,0.0,199.51,211.36
2026-06-26 22:06:19,Safety,NN6,ACAS_Xu_N3_3,none,0,lambda_clean,0.9,VR,1.0,0.0,1.0,1.0,11.51,0.0,198.35,209.86
2026-06-26 22:09:51,Safety,NN7,ACAS_Xu_N1_9,none,0,lambda_clean,0.1,VR,1.0,0.0011,1.0,0.9997,7.74,0.0,198.09,205.83
2026-06-26 22:13:22,Safety,NN7,ACAS_Xu_N1_9,none,0,lambda_clean,0.2,VR,1.0,0.0012,1.0,0.9998,7.78,0.0,196.7,204.48
2026-06-26 22:16:53,Safety,NN7,ACAS_Xu_N1_9,none,0,lambda_clean,0.3,VR,1.0,0.0012,1.0,0.9998,7.88,0.0,196.01,203.89
2026-06-26 22:20:34,Safety,NN7,ACAS_Xu_N1_9,none,0,lambda_clean,0.4,VR,1.0,0.0015,1.0,1.0,7.95,0.0,206.03,213.98
2026-06-26 22:24:02,Safety,NN7,ACAS_Xu_N1_9,none,0,lambda_clean,0.5,VR,1.0,0.0015,1.0,1.0,8.05,0.0,192.85,200.9
2026-06-26 22:27:27,Safety,NN7,ACAS_Xu_N1_9,none,0,lambda_clean,0.6,VR,1.0,0.0015,1.0,1.0,7.31,0.0,191.4,198.71
2026-06-26 22:30:52,Safety,NN7,ACAS_Xu_N1_9,none,0,lambda_clean,0.7,VR,1.0,0.0015,1.0,1.0,7.3,0.0,190.15,197.45
2026-06-26 22:34:26,Safety,NN7,ACAS_Xu_N1_9,none,0,lambda_clean,0.8,VR,1.0,0.0015,1.0,1.0,8.39,0.0,198.99,207.37
2026-06-26 22:37:53,Safety,NN7,ACAS_Xu_N1_9,none,0,lambda_clean,0.9,VR,1.0,0.0027,1.0,1.0,7.72,0.0,193.09,200.81
2026-06-26 22:40:14,Fairness,NN9,bank,age,0,lambda_clean,0.1,IDR,0.076,0.0,0.981,0.981,8.59,0.0,4.56,13.14
2026-06-26 22:42:24,Fairness,NN9,bank,age,0,lambda_clean,0.2,IDR,0.076,0.0,0.981,0.981,8.7,0.0,5.31,14.01
2026-06-26 22:44:32,Fairness,NN9,bank,age,0,lambda_clean,0.3,IDR,0.076,0.0,0.981,0.981,8.72,0.0,5.08,13.8
2026-06-26 22:46:51,Fairness,NN9,bank,age,0,lambda_clean,0.4,IDR,0.076,0.0,0.981,0.981,6.55,0.0,5.24,11.79
2026-06-26 22:49:17,Fairness,NN9,bank,age,0,lambda_clean,0.5,IDR,0.076,0.0,0.981,0.981,10.42,0.0,5.33,15.75
2026-06-26 22:51:48,Fairness,NN9,bank,age,0,lambda_clean,0.6,IDR,0.076,0.0,0.981,0.981,9.54,0.0,5.5,15.04
2026-06-26 22:54:10,Fairness,NN9,bank,age,0,lambda_clean,0.7,IDR,0.076,0.001,0.981,0.981,6.95,0.0,3.94,10.89
2026-06-26 22:56:42,Fairness,NN9,bank,age,0,lambda_clean,0.8,IDR,0.076,0.0,0.981,0.981,11.12,0.0,5.37,16.49
2026-06-26 22:59:02,Fairness,NN9,bank,age,0,lambda_clean,0.9,IDR,0.076,0.0,0.981,0.981,8.82,0.0,4.83,13.65
2026-06-26 23:00:34,Fairness,NN8,census,age,0,lambda_clean,0.1,IDR,0.173,0.023,0.884,0.881,7.18,0.0,8.03,15.21
2026-06-26 23:01:56,Fairness,NN8,census,age,0,lambda_clean,0.2,IDR,0.173,0.023,0.884,0.881,10.93,0.0,8.32,19.25
2026-06-26 23:03:20,Fairness,NN8,census,age,0,lambda_clean,0.3,IDR,0.173,0.024,0.884,0.893,9.71,0.0,8.47,18.18
2026-06-26 23:04:45,Fairness,NN8,census,age,0,lambda_clean,0.4,IDR,0.173,0.023,0.884,0.895,9.62,0.0,10.59,20.21
2026-06-26 23:06:03,Fairness,NN8,census,age,0,lambda_clean,0.5,IDR,0.173,0.027,0.884,0.895,6.98,0.0,7.08,14.05
2026-06-26 23:07:23,Fairness,NN8,census,age,0,lambda_clean,0.6,IDR,0.173,0.029,0.884,0.896,10.73,0.0,7.27,18.0
2026-06-26 23:08:45,Fairness,NN8,census,age,0,lambda_clean,0.7,IDR,0.173,0.028,0.884,0.892,9.94,0.0,6.77,16.71
2026-06-26 23:10:04,Fairness,NN8,census,age,0,lambda_clean,0.8,IDR,0.173,0.036,0.884,0.893,9.19,0.0,6.58,15.77
2026-06-26 23:11:15,Fairness,NN8,census,age,0,lambda_clean,0.9,IDR,0.173,0.049,0.884,0.908,7.66,0.0,5.15,12.81
2026-06-26 23:13:40,Fairness,NN8,census,gender,0,lambda_clean,0.1,IDR,0.076,0.0,0.884,0.85,8.52,0.0,10.93,19.45
2026-06-26 23:16:04,Fairness,NN8,census,gender,0,lambda_clean,0.2,IDR,0.076,0.001,0.884,0.877,9.09,0.0,10.89,19.98
2026-06-26 23:18:23,Fairness,NN8,census,gender,0,lambda_clean,0.3,IDR,0.076,0.002,0.884,0.867,8.57,0.0,7.58,16.14
2026-06-26 23:20:42,Fairness,NN8,census,gender,0,lambda_clean,0.4,IDR,0.076,0.006,0.884,0.87,9.04,0.0,7.66,16.7
2026-06-26 23:23:03,Fairness,NN8,census,gender,0,lambda_clean,0.5,IDR,0.076,0.004,0.884,0.88,8.92,0.0,8.31,17.23
2026-06-26 23:25:23,Fairness,NN8,census,gender,0,lambda_clean,0.6,IDR,0.076,0.011,0.884,0.887,8.43,0.0,7.25,15.68
2026-06-26 23:27:42,Fairness,NN8,census,gender,0,lambda_clean,0.7,IDR,0.076,0.01,0.884,0.886,8.95,0.0,6.77,15.72
2026-06-26 23:30:02,Fairness,NN8,census,gender,0,lambda_clean,0.8,IDR,0.076,0.009,0.884,0.884,8.89,0.0,8.22,17.11
2026-06-26 23:32:22,Fairness,NN8,census,gender,0,lambda_clean,0.9,IDR,0.076,0.02,0.884,0.883,8.49,0.0,6.63,15.12
2026-06-26 23:34:17,Fairness,NN8,census,race,0,lambda_clean,0.1,IDR,0.12,0.014,0.884,0.889,8.48,0.0,9.43,17.91
2026-06-26 23:36:10,Fairness,NN8,census,race,0,lambda_clean,0.2,IDR,0.12,0.012,0.884,0.89,7.76,0.0,9.25,17.01
2026-06-26 23:38:04,Fairness,NN8,census,race,0,lambda_clean,0.3,IDR,0.12,0.012,0.884,0.889,8.53,0.0,9.49,18.02
2026-06-26 23:39:56,Fairness,NN8,census,race,0,lambda_clean,0.4,IDR,0.12,0.016,0.884,0.889,7.1,0.0,9.4,16.5
2026-06-26 23:41:48,Fairness,NN8,census,race,0,lambda_clean,0.5,IDR,0.12,0.02,0.884,0.881,8.57,0.0,7.6,16.17
2026-06-26 23:43:41,Fairness,NN8,census,race,0,lambda_clean,0.6,IDR,0.12,0.019,0.884,0.882,8.38,0.0,8.86,17.24
2026-06-26 23:45:31,Fairness,NN8,census,race,0,lambda_clean,0.7,IDR,0.12,0.031,0.884,0.889,8.51,0.0,6.05,14.56
2026-06-26 23:47:21,Fairness,NN8,census,race,0,lambda_clean,0.8,IDR,0.12,0.035,0.884,0.883,8.11,0.0,6.35,14.46
2026-06-26 23:49:12,Fairness,NN8,census,race,0,lambda_clean,0.9,IDR,0.12,0.049,0.884,0.887,8.38,0.0,6.94,15.32
2026-06-26 23:50:18,Fairness,NN10,credit,age,0,lambda_clean,0.1,IDR,0.3083,0.1217,1.0,0.7067,5.48,0.0,7.27,12.75
2026-06-26 23:51:26,Fairness,NN10,credit,age,0,lambda_clean,0.2,IDR,0.3083,0.1283,1.0,0.785,5.26,0.0,8.82,14.08
2026-06-26 23:52:33,Fairness,NN10,credit,age,0,lambda_clean,0.3,IDR,0.3083,0.1133,1.0,0.7483,5.48,0.0,7.22,12.69
2026-06-26 23:53:39,Fairness,NN10,credit,age,0,lambda_clean,0.4,IDR,0.3083,0.1067,1.0,0.7783,5.27,0.0,7.34,12.61
2026-06-26 23:54:46,Fairness,NN10,credit,age,0,lambda_clean,0.5,IDR,0.3083,0.0956,1.0,0.81,5.44,0.0,7.44,12.88
2026-06-26 23:55:55,Fairness,NN10,credit,age,0,lambda_clean,0.6,IDR,0.3083,0.0858,1.0,0.8783,5.26,0.0,9.12,14.39
2026-06-26 23:57:02,Fairness,NN10,credit,age,0,lambda_clean,0.7,IDR,0.3083,0.0865,1.0,0.92,5.51,0.0,9.0,14.51
2026-06-26 23:58:07,Fairness,NN10,credit,age,0,lambda_clean,0.8,IDR,0.3083,0.0868,1.0,0.92,5.2,0.0,6.64,11.84
2026-06-26 23:59:16,Fairness,NN10,credit,age,0,lambda_clean,0.9,IDR,0.3083,0.0858,1.0,0.9733,5.38,0.0,8.6,13.98
2026-06-27 00:00:54,Fairness,NN10,credit,gender,0,lambda_clean,0.1,IDR,0.145,0.0533,1.0,0.8633,5.7,0.0,9.38,15.08
2026-06-27 00:02:32,Fairness,NN10,credit,gender,0,lambda_clean,0.2,IDR,0.145,0.065,1.0,0.8883,5.62,0.0,10.07,15.69
2026-06-27 00:04:10,Fairness,NN10,credit,gender,0,lambda_clean,0.3,IDR,0.145,0.0533,1.0,0.915,5.54,0.0,10.85,16.4
2026-06-27 00:05:48,Fairness,NN10,credit,gender,0,lambda_clean,0.4,IDR,0.145,0.0733,1.0,0.8667,6.01,0.0,8.01,14.02
2026-06-27 00:07:28,Fairness,NN10,credit,gender,0,lambda_clean,0.5,IDR,0.145,0.0267,1.0,0.9367,5.35,0.0,11.23,16.58
2026-06-27 00:09:04,Fairness,NN10,credit,gender,0,lambda_clean,0.6,IDR,0.145,0.029,1.0,0.945,5.92,0.0,8.13,14.04
2026-06-27 00:10:39,Fairness,NN10,credit,gender,0,lambda_clean,0.7,IDR,0.145,0.035,1.0,0.9433,5.4,0.0,7.2,12.6
2026-06-27 00:12:15,Fairness,NN10,credit,gender,0,lambda_clean,0.8,IDR,0.145,0.066,1.0,0.9567,5.6,0.0,7.87,13.47
2026-06-27 00:13:50,Fairness,NN10,credit,gender,0,lambda_clean,0.9,IDR,0.145,0.0567,1.0,0.9767,5.35,0.0,6.57,11.92
2026-06-27 00:14:17,Backdoor,NN2,MNIST,none,1,lambda_clean,0.1,ASR,100.0,0.0,99.56,97.78,8.44,0.0,9.95,18.39
2026-06-27 00:14:41,Backdoor,NN2,MNIST,none,1,lambda_clean,0.2,ASR,100.0,0.0223,99.56,98.52,7.9,0.0,7.16,15.05
2026-06-27 00:15:07,Backdoor,NN2,MNIST,none,1,lambda_clean,0.3,ASR,100.0,0.0891,99.56,99.0,7.92,0.0,8.46,16.38
2026-06-27 00:15:36,Backdoor,NN2,MNIST,none,1,lambda_clean,0.4,ASR,100.0,0.0668,99.56,99.16,7.99,0.0,12.25,20.23
2026-06-27 00:16:03,Backdoor,NN2,MNIST,none,1,lambda_clean,0.5,ASR,100.0,0.0223,99.56,99.18,8.17,0.0,10.17,18.33
2026-06-27 00:16:28,Backdoor,NN2,MNIST,none,1,lambda_clean,0.6,ASR,100.0,0.1114,99.56,99.26,7.57,0.0,8.67,16.24
2026-06-27 00:16:53,Backdoor,NN2,MNIST,none,1,lambda_clean,0.7,ASR,100.0,0.0445,99.56,99.28,7.94,0.0,7.44,15.37
2026-06-27 00:17:18,Backdoor,NN2,MNIST,none,1,lambda_clean,0.8,ASR,100.0,0.0223,99.56,99.28,8.07,0.0,7.79,15.86
2026-06-27 00:17:48,Backdoor,NN2,MNIST,none,1,lambda_clean,0.9,ASR,100.0,0.0891,99.56,99.58,7.74,0.0,14.12,21.87
2026-06-27 00:18:16,Backdoor,NN2,Fashion-MNIST,none,1,lambda_clean,0.1,ASR,98.5556,0.0,92.4,91.38,9.73,0.0,8.82,18.55
2026-06-27 00:18:50,Backdoor,NN2,Fashion-MNIST,none,1,lambda_clean,0.2,ASR,98.5556,0.0222,92.4,92.14,9.85,0.0,15.04,24.89
2026-06-27 00:19:19,Backdoor,NN2,Fashion-MNIST,none,1,lambda_clean,0.3,ASR,98.5556,0.0444,92.4,92.34,9.98,0.0,10.35,20.33
2026-06-27 00:19:44,Backdoor,NN2,Fashion-MNIST,none,1,lambda_clean,0.4,ASR,98.5556,0.0,92.4,92.2,10.06,0.0,5.7,15.76
2026-06-27 00:20:10,Backdoor,NN2,Fashion-MNIST,none,1,lambda_clean,0.5,ASR,98.5556,0.0444,92.4,92.4,9.86,0.0,7.32,17.18
2026-06-27 00:20:45,Backdoor,NN2,Fashion-MNIST,none,1,lambda_clean,0.6,ASR,98.5556,0.0,92.4,92.56,9.98,0.0,15.61,25.59
2026-06-27 00:21:12,Backdoor,NN2,Fashion-MNIST,none,1,lambda_clean,0.7,ASR,98.5556,0.0,92.4,92.46,9.81,0.0,8.0,17.82
2026-06-27 00:21:41,Backdoor,NN2,Fashion-MNIST,none,1,lambda_clean,0.8,ASR,98.5556,0.0,92.4,92.42,9.75,0.0,9.7,19.44
2026-06-27 00:22:07,Backdoor,NN2,Fashion-MNIST,none,1,lambda_clean,0.9,ASR,98.5556,0.0,92.4,92.52,9.96,0.0,7.15,17.11
2026-06-27 00:23:02,Backdoor,NN2,GTSRB,none,1,lambda_clean,0.1,ASR,93.4678,0.2192,97.2354,97.5378,17.39,0.0,28.76,46.15
2026-06-27 00:23:57,Backdoor,NN2,GTSRB,none,1,lambda_clean,0.2,ASR,93.4678,0.1754,97.2354,97.8402,16.65,0.0,29.41,46.06
2026-06-27 00:24:52,Backdoor,NN2,GTSRB,none,1,lambda_clean,0.3,ASR,93.4678,0.1315,97.2354,97.8402,17.24,0.0,28.7,45.94
2026-06-27 00:25:47,Backdoor,NN2,GTSRB,none,1,lambda_clean,0.4,ASR,93.4678,0.2192,97.2354,97.7106,17.85,0.0,28.84,46.69
2026-06-27 00:26:43,Backdoor,NN2,GTSRB,none,1,lambda_clean,0.5,ASR,93.4678,0.4384,97.2354,97.7538,17.47,0.0,28.75,46.22
2026-06-27 00:27:38,Backdoor,NN2,GTSRB,none,1,lambda_clean,0.6,ASR,93.4678,0.2192,97.2354,97.365,17.14,0.0,28.69,45.83
2026-06-27 00:28:33,Backdoor,NN2,GTSRB,none,1,lambda_clean,0.7,ASR,93.4678,0.1754,97.2354,97.4514,17.46,0.0,28.69,46.15
2026-06-27 00:29:29,Backdoor,NN2,GTSRB,none,1,lambda_clean,0.8,ASR,93.4678,0.4384,97.2354,97.7538,17.73,0.0,28.92,46.65
2026-06-27 00:30:26,Backdoor,NN2,GTSRB,none,1,lambda_clean,0.9,ASR,93.4678,0.0877,97.2354,97.5378,17.68,0.0,29.72,47.4
2026-06-27 00:31:11,Backdoor,NN2,CIFAR-10,none,1,lambda_clean,0.1,ASR,96.218,1.2458,71.04,69.7,12.88,0.0,20.15,33.03
2026-06-27 00:31:56,Backdoor,NN2,CIFAR-10,none,1,lambda_clean,0.2,ASR,96.218,1.3348,71.04,69.86,12.97,0.0,20.96,33.94
2026-06-27 00:32:41,Backdoor,NN2,CIFAR-10,none,1,lambda_clean,0.3,ASR,96.218,1.4905,71.04,69.42,12.84,0.0,20.28,33.12
2026-06-27 00:33:26,Backdoor,NN2,CIFAR-10,none,1,lambda_clean,0.4,ASR,96.218,1.6018,71.04,69.1,12.44,0.0,20.37,32.81
2026-06-27 00:34:11,Backdoor,NN2,CIFAR-10,none,1,lambda_clean,0.5,ASR,96.218,1.713,71.04,68.62,12.45,0.0,20.5,32.95
2026-06-27 00:34:55,Backdoor,NN2,CIFAR-10,none,1,lambda_clean,0.6,ASR,96.218,1.891,71.04,68.12,12.43,0.0,20.28,32.71
2026-06-27 00:35:41,Backdoor,NN2,CIFAR-10,none,1,lambda_clean,0.7,ASR,96.218,1.9355,71.04,67.72,12.67,0.0,20.77,33.43
2026-06-27 00:36:25,Backdoor,NN2,CIFAR-10,none,1,lambda_clean,0.8,ASR,96.218,1.98,71.04,67.36,12.29,0.0,20.43,32.72
2026-06-27 00:37:09,Backdoor,NN2,CIFAR-10,none,1,lambda_clean,0.9,ASR,96.218,2.1357,71.04,67.0,12.36,0.0,20.25,32.61
2026-06-27 00:40:32,Safety,NN5,ACAS_Xu_N2_9,none,1,lambda_clean,0.1,VR,1.0,0.0,1.0,1.0,8.79,0.0,187.09,195.89
2026-06-27 00:43:56,Safety,NN5,ACAS_Xu_N2_9,none,1,lambda_clean,0.2,VR,1.0,0.0,1.0,1.0,8.44,0.0,189.36,197.8
2026-06-27 00:47:16,Safety,NN5,ACAS_Xu_N2_9,none,1,lambda_clean,0.3,VR,1.0,0.0,1.0,1.0,8.58,0.0,184.04,192.62
2026-06-27 00:50:35,Safety,NN5,ACAS_Xu_N2_9,none,1,lambda_clean,0.4,VR,1.0,0.0,1.0,1.0,8.34,0.0,184.68,193.01
2026-06-27 00:53:53,Safety,NN5,ACAS_Xu_N2_9,none,1,lambda_clean,0.5,VR,1.0,0.0,1.0,1.0,8.5,0.0,183.13,191.63
2026-06-27 00:57:14,Safety,NN5,ACAS_Xu_N2_9,none,1,lambda_clean,0.6,VR,1.0,0.0,1.0,1.0,8.63,0.0,185.33,193.96
2026-06-27 01:00:35,Safety,NN5,ACAS_Xu_N2_9,none,1,lambda_clean,0.7,VR,1.0,0.0,1.0,0.9999,8.58,0.0,186.34,194.92
2026-06-27 01:03:54,Safety,NN5,ACAS_Xu_N2_9,none,1,lambda_clean,0.8,VR,1.0,0.0,1.0,0.9999,8.46,0.0,183.69,192.14
2026-06-27 01:07:16,Safety,NN5,ACAS_Xu_N2_9,none,1,lambda_clean,0.9,VR,1.0,0.0,1.0,1.0,8.62,0.0,186.86,195.48
2026-06-27 01:10:39,Safety,NN6,ACAS_Xu_N3_3,none,1,lambda_clean,0.1,VR,1.0,0.0,1.0,1.0,10.52,0.0,186.63,197.15
2026-06-27 01:14:00,Safety,NN6,ACAS_Xu_N3_3,none,1,lambda_clean,0.2,VR,1.0,0.0,1.0,1.0,10.81,0.0,183.18,193.99
2026-06-27 01:17:23,Safety,NN6,ACAS_Xu_N3_3,none,1,lambda_clean,0.3,VR,1.0,0.0,1.0,1.0,10.52,0.0,185.39,195.91
2026-06-27 01:20:47,Safety,NN6,ACAS_Xu_N3_3,none,1,lambda_clean,0.4,VR,1.0,0.0,1.0,1.0,10.58,0.0,186.6,197.18
2026-06-27 01:24:08,Safety,NN6,ACAS_Xu_N3_3,none,1,lambda_clean,0.5,VR,1.0,0.0,1.0,1.0,10.46,0.0,183.56,194.02
2026-06-27 01:27:34,Safety,NN6,ACAS_Xu_N3_3,none,1,lambda_clean,0.6,VR,1.0,0.0,1.0,1.0,10.57,0.0,188.87,199.43
2026-06-27 01:31:02,Safety,NN6,ACAS_Xu_N3_3,none,1,lambda_clean,0.7,VR,1.0,0.0,1.0,1.0,11.0,0.0,190.76,201.76
2026-06-27 01:34:31,Safety,NN6,ACAS_Xu_N3_3,none,1,lambda_clean,0.8,VR,1.0,0.0,1.0,1.0,11.22,0.0,190.88,202.1
2026-06-27 01:38:01,Safety,NN6,ACAS_Xu_N3_3,none,1,lambda_clean,0.9,VR,1.0,0.0,1.0,1.0,11.12,0.0,191.91,203.03
2026-06-27 01:41:26,Safety,NN7,ACAS_Xu_N1_9,none,1,lambda_clean,0.1,VR,1.0,0.0011,1.0,0.9997,7.55,0.0,190.66,198.21
2026-06-27 01:44:48,Safety,NN7,ACAS_Xu_N1_9,none,1,lambda_clean,0.2,VR,1.0,0.0014,1.0,0.9999,7.29,0.0,188.33,195.62
2026-06-27 01:48:53,Safety,NN7,ACAS_Xu_N1_9,none,1,lambda_clean,0.3,VR,1.0,0.0014,1.0,0.9999,7.54,0.0,229.75,237.29
2026-06-27 01:53:25,Safety,NN7,ACAS_Xu_N1_9,none,1,lambda_clean,0.4,VR,1.0,0.0014,1.0,0.9999,8.64,0.0,254.63,263.26
2026-06-27 01:58:00,Safety,NN7,ACAS_Xu_N1_9,none,1,lambda_clean,0.5,VR,1.0,0.0000,1.0,1.0,8.45,0.0,258.3,266.75
2026-06-27 02:02:18,Safety,NN7,ACAS_Xu_N1_9,none,1,lambda_clean,0.6,VR,1.0,0.0000,1.0,1.0,7.63,0.0,242.85,250.49
2026-06-27 02:07:35,Safety,NN7,ACAS_Xu_N1_9,none,1,lambda_clean,0.7,VR,1.0,0.0007,1.0,1.0,12.98,0.0,295.49,308.47
2026-06-27 02:11:21,Safety,NN7,ACAS_Xu_N1_9,none,1,lambda_clean,0.8,VR,1.0,0.0006,1.0,1.0,7.64,0.0,210.97,218.61
2026-06-27 02:19:13,Safety,NN7,ACAS_Xu_N1_9,none,1,lambda_clean,0.9,VR,1.0,0.0196,1.0,1.0,8.08,0.0,456.93,465.01
2026-06-27 02:22:46,Fairness,NN9,bank,age,1,lambda_clean,0.1,IDR,0.076,0.0,0.981,0.981,8.21,0.0,6.68,14.88
2026-06-27 02:26:43,Fairness,NN9,bank,age,1,lambda_clean,0.2,IDR,0.076,0.0,0.981,0.981,10.72,0.0,11.27,21.99
2026-06-27 02:31:36,Fairness,NN9,bank,age,1,lambda_clean,0.3,IDR,0.076,0.0,0.981,0.981,15.61,0.0,11.05,26.66
2026-06-27 02:36:36,Fairness,NN9,bank,age,1,lambda_clean,0.4,IDR,0.076,0.0,0.981,0.981,15.53,0.0,15.15,30.68
2026-06-27 02:40:24,Fairness,NN9,bank,age,1,lambda_clean,0.5,IDR,0.076,0.0,0.981,0.981,10.05,0.0,14.75,24.81
2026-06-27 02:43:34,Fairness,NN9,bank,age,1,lambda_clean,0.6,IDR,0.076,0.0,0.981,0.981,15.39,0.0,10.16,25.55
2026-06-27 02:46:40,Fairness,NN9,bank,age,1,lambda_clean,0.7,IDR,0.076,0.001,0.981,0.981,16.22,0.0,4.13,20.35
2026-06-27 02:50:32,Fairness,NN9,bank,age,1,lambda_clean,0.8,IDR,0.076,0.001,0.981,0.981,9.57,0.0,9.17,18.74
2026-06-27 02:54:43,Fairness,NN9,bank,age,1,lambda_clean,0.9,IDR,0.076,0.0,0.981,0.981,16.19,0.0,12.89,29.07
2026-06-27 02:56:47,Fairness,NN8,census,age,1,lambda_clean,0.1,IDR,0.173,0.024,0.884,0.881,16.54,0.0,9.33,25.86
2026-06-27 02:58:59,Fairness,NN8,census,age,1,lambda_clean,0.2,IDR,0.173,0.023,0.884,0.881,14.39,0.0,8.97,23.37
2026-06-27 03:01:02,Fairness,NN8,census,age,1,lambda_clean,0.3,IDR,0.173,0.023,0.884,0.893,12.3,0.0,19.21,31.52
2026-06-27 03:03:39,Fairness,NN8,census,age,1,lambda_clean,0.4,IDR,0.173,0.023,0.884,0.895,17.12,0.0,9.65,26.77
2026-06-27 03:05:41,Fairness,NN8,census,age,1,lambda_clean,0.5,IDR,0.173,0.027,0.884,0.895,14.05,0.0,10.37,24.42
2026-06-27 03:07:47,Fairness,NN8,census,age,1,lambda_clean,0.6,IDR,0.173,0.028,0.884,0.896,9.67,0.0,17.76,27.43
2026-06-27 03:09:58,Fairness,NN8,census,age,1,lambda_clean,0.7,IDR,0.173,0.028,0.884,0.891,17.07,0.0,14.32,31.38
2026-06-27 03:11:59,Fairness,NN8,census,age,1,lambda_clean,0.8,IDR,0.173,0.034,0.884,0.891,11.71,0.0,15.07,26.78
2026-06-27 03:14:41,Fairness,NN8,census,age,1,lambda_clean,0.9,IDR,0.173,0.042,0.884,0.895,11.2,0.0,15.03,26.22
2026-06-27 03:18:08,Fairness,NN8,census,gender,1,lambda_clean,0.1,IDR,0.076,0.0,0.884,0.85,16.11,0.0,11.75,27.86
2026-06-27 03:20:45,Fairness,NN8,census,gender,1,lambda_clean,0.2,IDR,0.076,0.001,0.884,0.867,7.85,0.0,11.05,18.91
2026-06-27 03:23:24,Fairness,NN8,census,gender,1,lambda_clean,0.3,IDR,0.076,0.005,0.884,0.867,10.83,0.0,9.71,20.53
2026-06-27 03:25:57,Fairness,NN8,census,gender,1,lambda_clean,0.4,IDR,0.076,0.004,0.884,0.87,8.52,0.0,7.98,16.5
2026-06-27 03:28:25,Fairness,NN8,census,gender,1,lambda_clean,0.5,IDR,0.076,0.004,0.884,0.88,10.04,0.0,6.73,16.77
2026-06-27 03:30:15,Fairness,NN8,census,gender,1,lambda_clean,0.6,IDR,0.076,0.01,0.884,0.887,6.84,0.0,5.9,12.74
2026-06-27 03:32:03,Fairness,NN8,census,gender,1,lambda_clean,0.7,IDR,0.076,0.011,0.884,0.886,6.24,0.0,5.38,11.61
2026-06-27 03:33:53,Fairness,NN8,census,gender,1,lambda_clean,0.8,IDR,0.076,0.011,0.884,0.884,5.87,0.0,6.22,12.09
2026-06-27 03:35:38,Fairness,NN8,census,gender,1,lambda_clean,0.9,IDR,0.076,0.02,0.884,0.883,5.46,0.0,4.76,10.21
2026-06-27 03:37:02,Fairness,NN8,census,race,1,lambda_clean,0.1,IDR,0.12,0.01,0.884,0.889,5.24,0.0,7.2,12.45
2026-06-27 03:38:27,Fairness,NN8,census,race,1,lambda_clean,0.2,IDR,0.12,0.011,0.884,0.89,5.17,0.0,7.31,12.48
2026-06-27 03:39:51,Fairness,NN8,census,race,1,lambda_clean,0.3,IDR,0.12,0.016,0.884,0.889,5.84,0.0,7.04,12.87
2026-06-27 03:41:15,Fairness,NN8,census,race,1,lambda_clean,0.4,IDR,0.12,0.015,0.884,0.889,5.2,0.0,6.92,12.11
2026-06-27 03:42:37,Fairness,NN8,census,race,1,lambda_clean,0.5,IDR,0.12,0.019,0.884,0.881,5.6,0.0,6.38,11.98
2026-06-27 03:44:01,Fairness,NN8,census,race,1,lambda_clean,0.6,IDR,0.12,0.018,0.884,0.882,5.11,0.0,6.99,12.1
2026-06-27 03:45:23,Fairness,NN8,census,race,1,lambda_clean,0.7,IDR,0.12,0.022,0.884,0.889,6.12,0.0,5.73,11.85
2026-06-27 03:46:45,Fairness,NN8,census,race,1,lambda_clean,0.8,IDR,0.12,0.041,0.884,0.883,5.31,0.0,4.69,10.0
2026-06-27 03:48:03,Fairness,NN8,census,race,1,lambda_clean,0.9,IDR,0.12,0.047,0.884,0.887,5.82,0.0,4.05,9.87
2026-06-27 03:49:01,Fairness,NN10,credit,age,1,lambda_clean,0.1,IDR,0.3083,0.1017,1.0,0.6983,4.27,0.0,5.33,9.6
2026-06-27 03:49:51,Fairness,NN10,credit,age,1,lambda_clean,0.2,IDR,0.3083,0.1283,1.0,0.7733,4.04,0.0,6.56,10.6
2026-06-27 03:50:41,Fairness,NN10,credit,age,1,lambda_clean,0.3,IDR,0.3083,0.1133,1.0,0.7233,3.27,0.0,4.98,8.25
2026-06-27 03:51:32,Fairness,NN10,credit,age,1,lambda_clean,0.4,IDR,0.3083,0.1067,1.0,0.8333,3.41,0.0,6.82,10.23
2026-06-27 03:52:21,Fairness,NN10,credit,age,1,lambda_clean,0.5,IDR,0.3083,0.0945,1.0,0.8683,3.81,0.0,6.9,10.71
2026-06-27 03:53:10,Fairness,NN10,credit,age,1,lambda_clean,0.6,IDR,0.3083,0.0895,1.0,0.81,3.44,0.0,4.89,8.34
2026-06-27 03:54:00,Fairness,NN10,credit,age,1,lambda_clean,0.7,IDR,0.3083,0.0867,1.0,0.925,3.27,0.0,6.89,10.16
2026-06-27 03:54:50,Fairness,NN10,credit,age,1,lambda_clean,0.8,IDR,0.3083,0.0865,1.0,0.9467,4.14,0.0,6.88,11.02
2026-06-27 03:55:39,Fairness,NN10,credit,age,1,lambda_clean,0.9,IDR,0.3083,0.0857,1.0,0.9717,3.37,0.0,6.13,9.5
2026-06-27 03:56:54,Fairness,NN10,credit,gender,1,lambda_clean,0.1,IDR,0.145,0.0533,1.0,0.8217,3.41,0.0,6.56,9.98
2026-06-27 03:58:06,Fairness,NN10,credit,gender,1,lambda_clean,0.2,IDR,0.145,0.065,1.0,0.88,3.46,0.0,6.14,9.6
2026-06-27 03:59:17,Fairness,NN10,credit,gender,1,lambda_clean,0.3,IDR,0.145,0.0533,1.0,0.885,3.44,0.0,5.5,8.94
2026-06-27 04:00:28,Fairness,NN10,credit,gender,1,lambda_clean,0.4,IDR,0.145,0.0733,1.0,0.93,4.27,0.0,6.94,11.21
2026-06-27 04:01:39,Fairness,NN10,credit,gender,1,lambda_clean,0.5,IDR,0.145,0.0267,1.0,0.9033,3.47,0.0,5.29,8.77
2026-06-27 04:02:53,Fairness,NN10,credit,gender,1,lambda_clean,0.6,IDR,0.145,0.035,1.0,0.9517,3.39,0.0,7.21,10.6
2026-06-27 04:04:07,Fairness,NN10,credit,gender,1,lambda_clean,0.7,IDR,0.145,0.035,1.0,0.9667,3.56,0.0,8.8,12.37
2026-06-27 04:05:22,Fairness,NN10,credit,gender,1,lambda_clean,0.8,IDR,0.145,0.065,1.0,0.9717,3.5,0.0,6.39,9.89
2026-06-27 04:06:36,Fairness,NN10,credit,gender,1,lambda_clean,0.9,IDR,0.145,0.0567,1.0,0.995,3.35,0.0,9.5,12.85
2026-06-27 04:06:57,Backdoor,NN2,MNIST,none,2,lambda_clean,0.1,ASR,100.0,0.0056,99.56,98.3,5.53,0.0,8.65,14.18
2026-06-27 04:07:15,Backdoor,NN2,MNIST,none,2,lambda_clean,0.2,ASR,100.0,0.0005,99.56,98.62,6.04,0.0,5.36,11.4
2026-06-27 04:07:40,Backdoor,NN2,MNIST,none,2,lambda_clean,0.3,ASR,100.0,0.0004,99.56,99.54,6.19,0.0,11.96,18.14
2026-06-27 04:08:02,Backdoor,NN2,MNIST,none,2,lambda_clean,0.4,ASR,100.0,0.0000,99.56,99.56,6.04,0.0,9.38,15.42
2026-06-27 04:08:23,Backdoor,NN2,MNIST,none,2,lambda_clean,0.5,ASR,100.0,0.0000,99.56,99.59,6.07,0.0,7.28,13.35
2026-06-27 04:08:43,Backdoor,NN2,MNIST,none,2,lambda_clean,0.6,ASR,100.0,0.0000,99.56,99.57,5.74,0.0,7.84,13.58
2026-06-27 04:09:03,Backdoor,NN2,MNIST,none,2,lambda_clean,0.7,ASR,100.0,0.0010,99.56,99.58,6.39,0.0,5.91,12.3
2026-06-27 04:09:22,Backdoor,NN2,MNIST,none,2,lambda_clean,0.8,ASR,100.0,0.0023,99.56,99.22,5.61,0.0,6.72,12.33
2026-06-27 04:09:44,Backdoor,NN2,MNIST,none,2,lambda_clean,0.9,ASR,100.0,0.0104,99.56,99.48,5.67,0.0,9.17,14.84
2026-06-27 04:10:06,Backdoor,NN2,Fashion-MNIST,none,2,lambda_clean,0.1,ASR,98.5556,0.0222,92.4,91.28,7.75,0.0,7.47,15.22
2026-06-27 04:10:34,Backdoor,NN2,Fashion-MNIST,none,2,lambda_clean,0.2,ASR,98.5556,0.0222,92.4,92.2,7.29,0.0,13.26,20.55
2026-06-27 04:10:58,Backdoor,NN2,Fashion-MNIST,none,2,lambda_clean,0.3,ASR,98.5556,0.0444,92.4,92.2,7.03,0.0,9.42,16.45
2026-06-27 04:11:21,Backdoor,NN2,Fashion-MNIST,none,2,lambda_clean,0.4,ASR,98.5556,0.0,92.4,92.22,7.47,0.0,8.48,15.96
2026-06-27 04:11:41,Backdoor,NN2,Fashion-MNIST,none,2,lambda_clean,0.5,ASR,98.5556,0.0222,92.4,92.45,6.89,0.0,5.23,12.11
2026-06-27 04:12:04,Backdoor,NN2,Fashion-MNIST,none,2,lambda_clean,0.6,ASR,98.5556,0.0,92.4,92.42,7.64,0.0,8.89,16.53
2026-06-27 04:12:27,Backdoor,NN2,Fashion-MNIST,none,2,lambda_clean,0.7,ASR,98.5556,0.0,92.4,92.38,6.9,0.0,8.45,15.35
2026-06-27 04:12:48,Backdoor,NN2,Fashion-MNIST,none,2,lambda_clean,0.8,ASR,98.5556,0.0,92.4,92.38,7.64,0.0,6.26,13.9
2026-06-27 04:13:14,Backdoor,NN2,Fashion-MNIST,none,2,lambda_clean,0.9,ASR,98.5556,0.0,92.4,92.38,7.23,0.0,11.53,18.76
2026-06-27 04:13:54,Backdoor,NN2,GTSRB,none,2,lambda_clean,0.1,ASR,93.4678,0.0092,97.2354,96.933,12.51,0.0,21.4,33.91
2026-06-27 04:14:38,Backdoor,NN2,GTSRB,none,2,lambda_clean,0.2,ASR,93.4678,0.0015,97.2354,97.6242,14.4,0.0,22.84,37.24
2026-06-27 04:15:21,Backdoor,NN2,GTSRB,none,2,lambda_clean,0.3,ASR,93.4678,0.0022,97.2354,97.8402,13.8,0.0,22.11,35.91
2026-06-27 04:16:03,Backdoor,NN2,GTSRB,none,2,lambda_clean,0.4,ASR,93.4678,0.0001,97.2354,97.7106,12.42,0.0,21.44,33.87
2026-06-27 04:16:46,Backdoor,NN2,GTSRB,none,2,lambda_clean,0.5,ASR,93.4678,0.0000,97.2354,97.7538,12.85,0.0,22.42,35.27
2026-06-27 04:17:28,Backdoor,NN2,GTSRB,none,2,lambda_clean,0.6,ASR,93.4678,0.0000,97.2354,97.7538,13.13,0.0,21.56,34.69
2026-06-27 04:18:10,Backdoor,NN2,GTSRB,none,2,lambda_clean,0.7,ASR,93.4678,0.0002,97.2354,97.365,13.09,0.0,22.11,35.2
2026-06-27 04:18:53,Backdoor,NN2,GTSRB,none,2,lambda_clean,0.8,ASR,93.4678,0.0002,97.2354,97.581,13.41,0.0,22.2,35.61
2026-06-27 04:19:36,Backdoor,NN2,GTSRB,none,2,lambda_clean,0.9,ASR,93.4678,0.0009,97.2354,97.365,13.99,0.0,21.94,35.93
2026-06-27 04:20:10,Backdoor,NN2,CIFAR-10,none,2,lambda_clean,0.1,ASR,96.218,0.0016,71.04,69.82,9.41,0.0,15.83,25.24
2026-06-27 04:20:46,Backdoor,NN2,CIFAR-10,none,2,lambda_clean,0.2,ASR,96.218,1.4238,71.04,69.72,10.73,0.0,15.8,26.53
2026-06-27 04:21:21,Backdoor,NN2,CIFAR-10,none,2,lambda_clean,0.3,ASR,96.218,1.3348,71.04,69.4,9.27,0.0,15.85,25.11
2026-06-27 04:21:55,Backdoor,NN2,CIFAR-10,none,2,lambda_clean,0.4,ASR,96.218,1.624,71.04,69.06,9.84,0.0,14.76,24.6
2026-06-27 04:22:31,Backdoor,NN2,CIFAR-10,none,2,lambda_clean,0.5,ASR,96.218,1.7353,71.04,68.72,9.85,0.0,16.23,26.08
2026-06-27 04:23:05,Backdoor,NN2,CIFAR-10,none,2,lambda_clean,0.6,ASR,96.218,1.8687,71.04,68.2,9.19,0.0,15.6,24.78
2026-06-27 04:23:39,Backdoor,NN2,CIFAR-10,none,2,lambda_clean,0.7,ASR,96.218,2.069,71.04,67.84,8.98,0.0,15.02,24.0
2026-06-27 04:24:13,Backdoor,NN2,CIFAR-10,none,2,lambda_clean,0.8,ASR,96.218,2.1135,71.04,67.26,9.47,0.0,15.51,24.98
2026-06-27 04:24:47,Backdoor,NN2,CIFAR-10,none,2,lambda_clean,0.9,ASR,96.218,2.0467,71.04,67.1,9.82,0.0,15.61,25.43
2026-06-27 04:27:22,Safety,NN5,ACAS_Xu_N2_9,none,2,lambda_clean,0.1,VR,1.0,0.0,1.0,1.0,6.15,0.0,142.91,149.06
2026-06-27 04:29:52,Safety,NN5,ACAS_Xu_N2_9,none,2,lambda_clean,0.2,VR,1.0,0.0,1.0,1.0,5.5,0.0,139.36,144.86
2026-06-27 04:32:24,Safety,NN5,ACAS_Xu_N2_9,none,2,lambda_clean,0.3,VR,1.0,0.0,1.0,1.0,5.36,0.0,141.93,147.3
2026-06-27 04:34:56,Safety,NN5,ACAS_Xu_N2_9,none,2,lambda_clean,0.4,VR,1.0,0.0,1.0,1.0,5.64,0.0,141.36,147.0
2026-06-27 04:37:24,Safety,NN5,ACAS_Xu_N2_9,none,2,lambda_clean,0.5,VR,1.0,0.0,1.0,1.0,5.3,0.0,137.26,142.56
2026-06-27 04:39:59,Safety,NN5,ACAS_Xu_N2_9,none,2,lambda_clean,0.6,VR,1.0,0.0,1.0,1.0,5.44,0.0,144.41,149.85
2026-06-27 04:42:31,Safety,NN5,ACAS_Xu_N2_9,none,2,lambda_clean,0.7,VR,1.0,0.0,1.0,0.9999,6.17,0.0,141.66,147.83
2026-06-27 04:45:05,Safety,NN5,ACAS_Xu_N2_9,none,2,lambda_clean,0.8,VR,1.0,0.0,1.0,0.9998,6.28,0.0,142.02,148.3
2026-06-27 04:47:36,Safety,NN5,ACAS_Xu_N2_9,none,2,lambda_clean,0.9,VR,1.0,0.0,1.0,0.9998,5.35,0.0,140.42,145.77
2026-06-27 04:50:05,Safety,NN6,ACAS_Xu_N3_3,none,2,lambda_clean,0.1,VR,1.0,0.0,1.0,0.9999,6.27,0.0,136.92,143.2
2026-06-27 04:52:42,Safety,NN6,ACAS_Xu_N3_3,none,2,lambda_clean,0.2,VR,1.0,0.0,1.0,0.9999,7.17,0.0,144.66,151.82
2026-06-27 04:55:11,Safety,NN6,ACAS_Xu_N3_3,none,2,lambda_clean,0.3,VR,1.0,0.0,1.0,1.0,7.4,0.0,136.57,143.97
2026-06-27 04:57:49,Safety,NN6,ACAS_Xu_N3_3,none,2,lambda_clean,0.4,VR,1.0,0.0,1.0,1.0,6.63,0.0,145.88,152.51
2026-06-27 05:00:20,Safety,NN6,ACAS_Xu_N3_3,none,2,lambda_clean,0.5,VR,1.0,0.0,1.0,1.0,6.53,0.0,139.3,145.83
2026-06-27 05:02:53,Safety,NN6,ACAS_Xu_N3_3,none,2,lambda_clean,0.6,VR,1.0,0.0,1.0,1.0,6.59,0.0,140.5,147.09
2026-06-27 05:05:31,Safety,NN6,ACAS_Xu_N3_3,none,2,lambda_clean,0.7,VR,1.0,0.0,1.0,1.0,6.86,0.0,146.51,153.37
2026-06-27 05:08:02,Safety,NN6,ACAS_Xu_N3_3,none,2,lambda_clean,0.8,VR,1.0,0.0,1.0,1.0,7.29,0.0,138.48,145.76
2026-06-27 05:10:38,Safety,NN6,ACAS_Xu_N3_3,none,2,lambda_clean,0.9,VR,1.0,0.0,1.0,1.0,7.85,0.0,143.14,150.99
2026-06-27 05:13:06,Safety,NN7,ACAS_Xu_N1_9,none,2,lambda_clean,0.1,VR,1.0,0.0011,1.0,0.9997,4.75,0.0,138.0,142.76
2026-06-27 05:15:38,Safety,NN7,ACAS_Xu_N1_9,none,2,lambda_clean,0.2,VR,1.0,0.0011,1.0,0.9997,4.66,0.0,141.66,146.32
2026-06-27 05:18:06,Safety,NN7,ACAS_Xu_N1_9,none,2,lambda_clean,0.3,VR,1.0,0.0009,1.0,1.0,4.64,0.0,138.86,143.5
2026-06-27 05:20:36,Safety,NN7,ACAS_Xu_N1_9,none,2,lambda_clean,0.4,VR,1.0,0.0004,1.0,1.0,4.7,0.0,139.51,144.2
2026-06-27 05:23:05,Safety,NN7,ACAS_Xu_N1_9,none,2,lambda_clean,0.5,VR,1.0,0.0000,1.0,1.0,4.88,0.0,138.52,143.4
2026-06-27 05:25:33,Safety,NN7,ACAS_Xu_N1_9,none,2,lambda_clean,0.6,VR,1.0,0.0024,1.0,1.0,4.72,0.0,137.79,142.51
2026-06-27 05:28:01,Safety,NN7,ACAS_Xu_N1_9,none,2,lambda_clean,0.7,VR,1.0,0.0315,1.0,1.0,5.03,0.0,137.66,142.69
2026-06-27 05:30:30,Safety,NN7,ACAS_Xu_N1_9,none,2,lambda_clean,0.8,VR,1.0,0.0445,1.0,1.0,5.53,0.0,138.49,144.02
2026-06-27 05:32:58,Safety,NN7,ACAS_Xu_N1_9,none,2,lambda_clean,0.9,VR,1.0,0.0562,1.0,1.0,5.48,0.0,136.78,142.26
2026-06-27 05:34:29,Fairness,NN9,bank,age,2,lambda_clean,0.1,IDR,0.076,0.0,0.981,0.981,5.51,0.0,3.35,8.85
2026-06-27 05:36:00,Fairness,NN9,bank,age,2,lambda_clean,0.2,IDR,0.076,0.0,0.981,0.981,5.92,0.0,3.65,9.57
2026-06-27 05:37:29,Fairness,NN9,bank,age,2,lambda_clean,0.3,IDR,0.076,0.0,0.981,0.981,5.75,0.0,4.09,9.83
2026-06-27 05:39:01,Fairness,NN9,bank,age,2,lambda_clean,0.4,IDR,0.076,0.0,0.981,0.981,5.66,0.0,3.15,8.81
2026-06-27 05:40:31,Fairness,NN9,bank,age,2,lambda_clean,0.5,IDR,0.076,0.0,0.981,0.981,5.6,0.0,4.16,9.75
2026-06-27 05:42:01,Fairness,NN9,bank,age,2,lambda_clean,0.6,IDR,0.076,0.0,0.981,0.981,5.91,0.0,3.52,9.43
2026-06-27 05:43:32,Fairness,NN9,bank,age,2,lambda_clean,0.7,IDR,0.076,0.0,0.981,0.981,5.52,0.0,3.4,8.92
2026-06-27 05:45:03,Fairness,NN9,bank,age,2,lambda_clean,0.8,IDR,0.076,0.0,0.981,0.981,5.58,0.0,3.47,9.05
2026-06-27 05:46:33,Fairness,NN9,bank,age,2,lambda_clean,0.9,IDR,0.076,0.0,0.981,0.981,5.17,0.0,3.81,8.98
2026-06-27 05:47:26,Fairness,NN8,census,age,2,lambda_clean,0.1,IDR,0.173,0.024,0.884,0.881,5.56,0.0,5.66,11.22
2026-06-27 05:48:16,Fairness,NN8,census,age,2,lambda_clean,0.2,IDR,0.173,0.024,0.884,0.881,4.9,0.0,5.58,10.49
2026-06-27 05:49:09,Fairness,NN8,census,age,2,lambda_clean,0.3,IDR,0.173,0.023,0.884,0.893,5.81,0.0,5.5,11.31
2026-06-27 05:50:01,Fairness,NN8,census,age,2,lambda_clean,0.4,IDR,0.173,0.027,0.884,0.895,5.08,0.0,5.47,10.55
2026-06-27 05:50:55,Fairness,NN8,census,age,2,lambda_clean,0.5,IDR,0.173,0.024,0.884,0.895,5.68,0.0,6.0,11.68
2026-06-27 05:51:47,Fairness,NN8,census,age,2,lambda_clean,0.6,IDR,0.173,0.028,0.884,0.896,5.21,0.0,5.33,10.54
2026-06-27 05:52:39,Fairness,NN8,census,age,2,lambda_clean,0.7,IDR,0.173,0.029,0.884,0.909,5.53,0.0,5.33,10.86
2026-06-27 05:53:31,Fairness,NN8,census,age,2,lambda_clean,0.8,IDR,0.173,0.038,0.884,0.906,5.1,0.0,5.42,10.52
2026-06-27 05:54:22,Fairness,NN8,census,age,2,lambda_clean,0.9,IDR,0.173,0.049,0.884,0.908,5.9,0.0,4.4,10.3
2026-06-27 05:56:07,Fairness,NN8,census,gender,2,lambda_clean,0.1,IDR,0.076,0.0,0.884,0.85,5.33,0.0,9.41,14.73
2026-06-27 05:57:51,Fairness,NN8,census,gender,2,lambda_clean,0.2,IDR,0.076,0.005,0.884,0.867,5.82,0.0,5.78,11.6
2026-06-27 05:59:32,Fairness,NN8,census,gender,2,lambda_clean,0.3,IDR,0.076,0.005,0.884,0.867,5.22,0.0,5.55,10.77
2026-06-27 06:01:17,Fairness,NN8,census,gender,2,lambda_clean,0.4,IDR,0.076,0.003,0.884,0.87,6.0,0.0,8.68,14.68
2026-06-27 06:03:01,Fairness,NN8,census,gender,2,lambda_clean,0.5,IDR,0.076,0.003,0.884,0.88,6.02,0.0,5.46,11.48
2026-06-27 06:04:48,Fairness,NN8,census,gender,2,lambda_clean,0.6,IDR,0.076,0.006,0.884,0.887,6.04,0.0,7.25,13.28
2026-06-27 06:06:30,Fairness,NN8,census,gender,2,lambda_clean,0.7,IDR,0.076,0.01,0.884,0.886,5.87,0.0,6.28,12.15
2026-06-27 06:08:17,Fairness,NN8,census,gender,2,lambda_clean,0.8,IDR,0.076,0.009,0.884,0.884,6.14,0.0,5.2,11.35
2026-06-27 06:10:00,Fairness,NN8,census,gender,2,lambda_clean,0.9,IDR,0.076,0.022,0.884,0.883,6.11,0.0,4.92,11.03
2026-06-27 06:11:24,Fairness,NN8,census,race,2,lambda_clean,0.1,IDR,0.12,0.012,0.884,0.889,5.66,0.0,6.93,12.59
2026-06-27 06:12:47,Fairness,NN8,census,race,2,lambda_clean,0.2,IDR,0.12,0.012,0.884,0.89,5.24,0.0,7.02,12.26
2026-06-27 06:14:11,Fairness,NN8,census,race,2,lambda_clean,0.3,IDR,0.12,0.012,0.884,0.889,6.05,0.0,7.1,13.15
2026-06-27 06:15:35,Fairness,NN8,census,race,2,lambda_clean,0.4,IDR,0.12,0.017,0.884,0.889,5.48,0.0,6.87,12.35
2026-06-27 06:16:58,Fairness,NN8,census,race,2,lambda_clean,0.5,IDR,0.12,0.016,0.884,0.881,5.03,0.0,7.01,12.04
2026-06-27 06:18:20,Fairness,NN8,census,race,2,lambda_clean,0.6,IDR,0.12,0.015,0.884,0.882,5.41,0.0,7.02,12.43
2026-06-27 06:19:40,Fairness,NN8,census,race,2,lambda_clean,0.7,IDR,0.12,0.016,0.884,0.889,5.07,0.0,5.02,10.09
2026-06-27 06:21:04,Fairness,NN8,census,race,2,lambda_clean,0.8,IDR,0.12,0.02,0.884,0.883,5.11,0.0,5.7,10.81
2026-06-27 06:22:26,Fairness,NN8,census,race,2,lambda_clean,0.9,IDR,0.12,0.024,0.884,0.887,5.23,0.0,4.37,9.6
2026-06-27 06:23:15,Fairness,NN10,credit,age,2,lambda_clean,0.1,IDR,0.3083,0.1017,1.0,0.71,3.36,0.0,5.39,8.74
2026-06-27 06:24:03,Fairness,NN10,credit,age,2,lambda_clean,0.2,IDR,0.3083,0.1283,1.0,0.6983,3.32,0.0,4.72,8.04
2026-06-27 06:24:52,Fairness,NN10,credit,age,2,lambda_clean,0.3,IDR,0.3083,0.1133,1.0,0.765,4.08,0.0,5.64,9.72
2026-06-27 06:25:40,Fairness,NN10,credit,age,2,lambda_clean,0.4,IDR,0.3083,0.1067,1.0,0.775,3.39,0.0,5.47,8.85
2026-06-27 06:26:31,Fairness,NN10,credit,age,2,lambda_clean,0.5,IDR,0.3083,0.0945,1.0,0.8067,3.29,0.0,5.95,9.25
2026-06-27 06:27:21,Fairness,NN10,credit,age,2,lambda_clean,0.6,IDR,0.3083,0.0897,1.0,0.8883,3.88,0.0,6.92,10.81
2026-06-27 06:28:11,Fairness,NN10,credit,age,2,lambda_clean,0.7,IDR,0.3083,0.0867,1.0,0.925,3.4,0.0,7.22,10.62
2026-06-27 06:29:02,Fairness,NN10,credit,age,2,lambda_clean,0.8,IDR,0.3083,0.0865,1.0,0.945,3.34,0.0,6.89,10.23
2026-06-27 06:29:51,Fairness,NN10,credit,age,2,lambda_clean,0.9,IDR,0.3083,0.0857,1.0,0.9717,3.82,0.0,6.46,10.28
2026-06-27 06:31:04,Fairness,NN10,credit,gender,2,lambda_clean,0.1,IDR,0.145,0.0533,1.0,0.845,3.46,0.0,7.34,10.79
2026-06-27 06:32:17,Fairness,NN10,credit,gender,2,lambda_clean,0.2,IDR,0.145,0.065,1.0,0.8917,4.08,0.0,7.55,11.63
2026-06-27 06:33:32,Fairness,NN10,credit,gender,2,lambda_clean,0.3,IDR,0.145,0.0533,1.0,0.9083,4.33,0.0,9.44,13.77
2026-06-27 06:34:44,Fairness,NN10,credit,gender,2,lambda_clean,0.4,IDR,0.145,0.0753,1.0,0.87,4.31,0.0,6.51,10.82
2026-06-27 06:35:55,Fairness,NN10,credit,gender,2,lambda_clean,0.5,IDR,0.145,0.0267,1.0,0.935,3.47,0.0,7.7,11.17
2026-06-27 06:37:09,Fairness,NN10,credit,gender,2,lambda_clean,0.6,IDR,0.145,0.035,1.0,0.955,3.38,0.0,8.18,11.56
2026-06-27 06:38:19,Fairness,NN10,credit,gender,2,lambda_clean,0.7,IDR,0.145,0.032,1.0,0.9283,3.38,0.0,5.84,9.22
2026-06-27 06:39:30,Fairness,NN10,credit,gender,2,lambda_clean,0.8,IDR,0.145,0.065,1.0,0.9667,4.14,0.0,6.03,10.16
2026-06-27 06:40:41,Fairness,NN10,credit,gender,2,lambda_clean,0.9,IDR,0.145,0.0067,1.0,0.9917,3.38,0.0,6.79,10.17
2026-06-27 13:29:40,Backdoor,NN2,MNIST,none,0,lambda_clean,0.1,ASR,100.0,0.0068,99.56,99.22,14.0,0.0,12.8,26.8
2026-06-27 13:30:37,Backdoor,NN2,MNIST,none,0,lambda_clean,0.2,ASR,100.0,0.0005,99.56,99.33,16.32,0.0,24.42,40.74
2026-06-27 13:31:24,Backdoor,NN2,MNIST,none,0,lambda_clean,0.3,ASR,100.0,0.0004,99.56,99.5,16.3,0.0,15.65,31.95
2026-06-27 13:32:10,Backdoor,NN2,MNIST,none,0,lambda_clean,0.4,ASR,100.0,0.0004,99.56,99.54,14.8,0.0,14.98,29.78
2026-06-27 13:33:17,Backdoor,NN2,MNIST,none,0,lambda_clean,0.5,ASR,100.0,0.0001,99.56,99.58,16.56,0.0,33.1,49.66
2026-06-27 13:34:14,Backdoor,NN2,MNIST,none,0,lambda_clean,0.6,ASR,100.0,0.0001,99.56,99.76,18.26,0.0,23.06,41.32
2026-06-27 13:35:03,Backdoor,NN2,MNIST,none,0,lambda_clean,0.7,ASR,100.0,0.0005,99.56,99.74,16.1,0.0,13.79,29.89
2026-06-27 13:35:55,Backdoor,NN2,MNIST,none,0,lambda_clean,0.8,ASR,100.0,0.0082,99.56,99.82,11.23,0.0,26.26,37.49
2026-06-27 13:36:53,Backdoor,NN2,MNIST,none,0,lambda_clean,0.9,ASR,100.0,0.0104,99.56,99.83,16.66,0.0,22.94,39.6
2026-06-27 13:37:47,Backdoor,NN2,Fashion-MNIST,none,0,lambda_clean,0.1,ASR,98.5556,0.0,92.4,92.12,20.53,0.0,20.1,40.63
2026-06-27 13:39:09,Backdoor,NN2,Fashion-MNIST,none,0,lambda_clean,0.2,ASR,98.5556,0.0444,92.4,92.3,21.6,0.0,42.47,64.07
2026-06-27 13:39:58,Backdoor,NN2,Fashion-MNIST,none,0,lambda_clean,0.3,ASR,98.5556,0.0,92.4,92.94,19.22,0.0,12.85,32.08
2026-06-27 13:41:06,Backdoor,NN2,Fashion-MNIST,none,0,lambda_clean,0.4,ASR,98.5556,0.0,92.4,92.32,21.4,0.0,28.49,49.9
2026-06-27 13:42:14,Backdoor,NN2,Fashion-MNIST,none,0,lambda_clean,0.5,ASR,98.5556,0.0,92.4,92.4,22.31,0.0,27.54,49.85
2026-06-27 13:43:15,Backdoor,NN2,Fashion-MNIST,none,0,lambda_clean,0.6,ASR,98.5556,0.0667,92.4,92.62,21.98,0.0,16.1,38.09
2026-06-27 13:43:57,Backdoor,NN2,Fashion-MNIST,none,0,lambda_clean,0.7,ASR,98.5556,0.0,92.4,92.86,13.78,0.0,14.35,28.13
2026-06-27 13:45:14,Backdoor,NN2,Fashion-MNIST,none,0,lambda_clean,0.8,ASR,98.5556,0.0,92.4,93.14,24.02,0.0,35.75,59.77
2026-06-27 13:46:13,Backdoor,NN2,Fashion-MNIST,none,0,lambda_clean,0.9,ASR,98.5556,0.0,92.4,93.56,20.9,0.0,21.14,42.04
2026-06-27 13:48:05,Backdoor,NN2,GTSRB,none,0,lambda_clean,0.1,ASR,93.4678,0.0069,97.2354,87.1922,34.56,0.0,62.68,97.24
2026-06-27 13:49:59,Backdoor,NN2,GTSRB,none,0,lambda_clean,0.2,ASR,93.4678,0.0438,97.2354,95.946,34.5,0.0,63.35,97.85
2026-06-27 13:51:59,Backdoor,NN2,GTSRB,none,0,lambda_clean,0.3,ASR,93.4678,0.0438,97.2354,96.5875,35.21,0.0,68.63,103.83
2026-06-27 13:53:58,Backdoor,NN2,GTSRB,none,0,lambda_clean,0.4,ASR,93.4678,0.033,97.2354,97.6458,35.86,0.0,64.04,99.9
2026-06-27 13:55:58,Backdoor,NN2,GTSRB,none,0,lambda_clean,0.5,ASR,93.4678,0.0438,97.2354,97.6787,35.86,0.0,65.87,101.74
2026-06-27 13:57:56,Backdoor,NN2,GTSRB,none,0,lambda_clean,0.6,ASR,93.4678,0.0015,97.2354,97.694,35.59,0.0,64.31,99.9
2026-06-27 13:59:58,Backdoor,NN2,GTSRB,none,0,lambda_clean,0.7,ASR,93.4678,0.0,97.2354,97.5715,35.28,0.0,67.73,103.0
2026-06-27 14:01:59,Backdoor,NN2,GTSRB,none,0,lambda_clean,0.8,ASR,93.4678,0.0038,97.2354,97.5626,35.96,0.0,66.2,102.15
2026-06-27 14:03:51,Backdoor,NN2,GTSRB,none,0,lambda_clean,0.9,ASR,93.4678,0.0,97.2354,97.6371,35.84,0.0,59.06,94.9
2026-06-27 14:05:23,Backdoor,NN2,CIFAR-10,none,0,lambda_clean,0.1,ASR,96.218,1.2013,71.04,69.82,25.97,0.0,43.27,69.24
2026-06-27 14:06:55,Backdoor,NN2,CIFAR-10,none,0,lambda_clean,0.2,ASR,96.218,1.1791,71.04,69.72,26.2,0.0,44.16,70.37
2026-06-27 14:08:29,Backdoor,NN2,CIFAR-10,none,0,lambda_clean,0.3,ASR,96.218,1.4461,71.04,69.26,26.31,0.0,45.27,71.58
2026-06-27 14:10:01,Backdoor,NN2,CIFAR-10,none,0,lambda_clean,0.4,ASR,96.218,1.624,71.04,69.1,25.67,0.0,43.62,69.28
2026-06-27 14:11:32,Backdoor,NN2,CIFAR-10,none,0,lambda_clean,0.5,ASR,96.218,1.8242,71.04,69.68,26.01,0.0,43.73,69.74
2026-06-27 14:13:04,Backdoor,NN2,CIFAR-10,none,0,lambda_clean,0.6,ASR,96.218,1.6908,71.04,69.5,26.23,0.0,44.68,70.91
2026-06-27 14:14:38,Backdoor,NN2,CIFAR-10,none,0,lambda_clean,0.7,ASR,96.218,2.0245,71.04,68.82,26.76,0.0,45.53,72.29
2026-06-27 14:16:10,Backdoor,NN2,CIFAR-10,none,0,lambda_clean,0.8,ASR,96.218,2.0467,71.04,69.56,26.26,0.0,43.55,69.81
2026-06-27 14:17:41,Backdoor,NN2,CIFAR-10,none,0,lambda_clean,0.9,ASR,96.218,2.069,71.04,68.55,26.1,0.0,43.63,69.73
2026-06-27 14:25:14,Safety,NN5,ACAS_Xu_N2_9,none,0,lambda_clean,0.1,VR,1.0,0.0,1.0,1.0,16.43,0.0,425.15,441.59
2026-06-27 14:32:48,Safety,NN5,ACAS_Xu_N2_9,none,0,lambda_clean,0.2,VR,1.0,0.0,1.0,1.0,16.54,0.0,424.99,441.53
2026-06-27 14:40:16,Safety,NN5,ACAS_Xu_N2_9,none,0,lambda_clean,0.3,VR,1.0,0.0,1.0,1.0,17.46,0.0,419.47,436.93
2026-06-27 14:47:34,Safety,NN5,ACAS_Xu_N2_9,none,0,lambda_clean,0.4,VR,1.0,0.0,1.0,1.0,16.93,0.0,413.13,430.06
2026-06-27 14:54:52,Safety,NN5,ACAS_Xu_N2_9,none,0,lambda_clean,0.5,VR,1.0,0.0,1.0,1.0,16.01,0.0,414.06,430.07
2026-06-27 15:02:09,Safety,NN5,ACAS_Xu_N2_9,none,0,lambda_clean,0.6,VR,1.0,0.0,1.0,1.0,15.97,0.0,412.36,428.33
2026-06-27 15:09:29,Safety,NN5,ACAS_Xu_N2_9,none,0,lambda_clean,0.7,VR,1.0,0.0,1.0,0.9999,17.75,0.0,414.62,432.37
2026-06-27 15:16:51,Safety,NN5,ACAS_Xu_N2_9,none,0,lambda_clean,0.8,VR,1.0,0.0,1.0,0.9998,15.83,0.0,416.88,432.71
2026-06-27 15:24:13,Safety,NN5,ACAS_Xu_N2_9,none,0,lambda_clean,0.9,VR,1.0,0.0,1.0,0.9998,16.6,0.0,416.91,433.51
2026-06-27 15:31:32,Safety,NN6,ACAS_Xu_N3_3,none,0,lambda_clean,0.1,VR,1.0,0.0,1.0,0.9999,19.81,0.0,410.41,430.22
2026-06-27 15:38:54,Safety,NN6,ACAS_Xu_N3_3,none,0,lambda_clean,0.2,VR,1.0,0.0,1.0,0.9999,18.73,0.0,414.48,433.22
2026-06-27 15:42:48,Safety,NN6,ACAS_Xu_N3_3,none,0,lambda_clean,0.3,VR,1.0,0.0,1.0,1.0,17.01,0.0,210.59,227.6
2026-06-27 15:46:23,Safety,NN6,ACAS_Xu_N3_3,none,0,lambda_clean,0.4,VR,1.0,0.0,1.0,1.0,7.39,0.0,202.05,209.44
2026-06-27 15:54:01,Safety,NN6,ACAS_Xu_N3_3,none,0,lambda_clean,0.5,VR,1.0,0.0,1.0,1.0,10.71,0.0,437.41,448.12
2026-06-27 16:00:57,Safety,NN6,ACAS_Xu_N3_3,none,0,lambda_clean,0.6,VR,1.0,0.0,1.0,1.0,14.48,0.0,395.87,410.34
2026-06-27 16:05:51,Safety,NN6,ACAS_Xu_N3_3,none,0,lambda_clean,0.7,VR,1.0,0.0,1.0,1.0,20.6,0.0,263.66,284.26
2026-06-27 16:08:28,Safety,NN6,ACAS_Xu_N3_3,none,0,lambda_clean,0.8,VR,1.0,0.0,1.0,1.0,7.01,0.0,145.02,152.03
2026-06-27 16:11:07,Safety,NN6,ACAS_Xu_N3_3,none,0,lambda_clean,0.9,VR,1.0,0.0,1.0,1.0,7.41,0.0,146.22,153.63
2026-06-27 16:13:37,Safety,NN7,ACAS_Xu_N1_9,none,0,lambda_clean,0.1,VR,1.0,0.0011,1.0,0.9997,4.79,0.0,139.31,144.1
2026-06-27 16:16:16,Safety,NN7,ACAS_Xu_N1_9,none,0,lambda_clean,0.2,VR,1.0,0.0012,1.0,0.9998,4.8,0.0,148.89,153.69
2026-06-27 16:18:49,Safety,NN7,ACAS_Xu_N1_9,none,0,lambda_clean,0.3,VR,1.0,0.0012,1.0,0.9998,4.79,0.0,142.57,147.36
2026-06-27 16:22:05,Safety,NN7,ACAS_Xu_N1_9,none,0,lambda_clean,0.4,VR,1.0,0.0015,1.0,1.0,4.9,0.0,186.32,191.22
2026-06-27 16:27:01,Safety,NN7,ACAS_Xu_N1_9,none,0,lambda_clean,0.5,VR,1.0,0.0015,1.0,1.0,5.73,0.0,281.41,287.14
2026-06-27 16:30:43,Safety,NN7,ACAS_Xu_N1_9,none,0,lambda_clean,0.6,VR,1.0,0.0015,1.0,1.0,5.75,0.0,210.61,216.36
2026-06-27 16:33:45,Safety,NN7,ACAS_Xu_N1_9,none,0,lambda_clean,0.7,VR,1.0,0.0015,1.0,1.0,5.52,0.0,171.03,176.56
2026-06-27 16:36:37,Safety,NN7,ACAS_Xu_N1_9,none,0,lambda_clean,0.8,VR,1.0,0.0015,1.0,1.0,4.91,0.0,160.72,165.63
2026-06-27 16:39:36,Safety,NN7,ACAS_Xu_N1_9,none,0,lambda_clean,0.9,VR,1.0,0.0027,1.0,1.0,5.57,0.0,167.67,173.24
2026-06-27 16:42:41,Fairness,NN9,bank,age,0,lambda_clean,0.1,IDR,0.076,0.0,0.981,0.981,6.49,0.0,10.87,17.36
2026-06-27 16:47:45,Fairness,NN9,bank,age,0,lambda_clean,0.2,IDR,0.076,0.0,0.981,0.981,16.1,0.0,12.67,28.77
2026-06-27 16:52:03,Fairness,NN9,bank,age,0,lambda_clean,0.3,IDR,0.076,0.0,0.981,0.981,16.15,0.0,8.56,24.71
2026-06-27 16:53:54,Fairness,NN9,bank,age,0,lambda_clean,0.4,IDR,0.076,0.0,0.981,0.981,6.48,0.0,6.17,12.65
2026-06-27 16:55:49,Fairness,NN9,bank,age,0,lambda_clean,0.5,IDR,0.076,0.001,0.981,0.981,6.02,0.0,3.17,9.19
2026-06-27 16:57:56,Fairness,NN9,bank,age,0,lambda_clean,0.6,IDR,0.076,0.0,0.981,0.981,5.69,0.0,4.46,10.15
2026-06-27 17:00:13,Fairness,NN9,bank,age,0,lambda_clean,0.7,IDR,0.076,0.0,0.981,0.981,5.21,0.0,11.19,16.4
2026-06-27 17:02:56,Fairness,NN9,bank,age,0,lambda_clean,0.8,IDR,0.076,0.0,0.981,0.981,19.26,0.0,4.68,23.94
2026-06-27 17:05:03,Fairness,NN9,bank,age,0,lambda_clean,0.9,IDR,0.076,0.001,0.981,0.981,5.67,0.0,3.53,9.2
2026-06-27 17:07:40,Fairness,NN8,census,age,0,lambda_clean,0.1,IDR,0.173,0.004,0.884,0.881,7.37,0.0,15.81,23.18
2026-06-27 17:09:41,Fairness,NN8,census,age,0,lambda_clean,0.2,IDR,0.173,0.003,0.884,0.881,14.89,0.0,8.27,23.16
2026-06-27 17:11:58,Fairness,NN8,census,age,0,lambda_clean,0.3,IDR,0.173,0.004,0.884,0.893,6.51,0.0,14.78,21.29
2026-06-27 17:14:25,Fairness,NN8,census,age,0,lambda_clean,0.4,IDR,0.173,0.007,0.884,0.895,17.75,0.0,6.99,24.73
2026-06-27 17:16:17,Fairness,NN8,census,age,0,lambda_clean,0.5,IDR,0.173,0.007,0.884,0.895,6.91,0.0,17.81,24.73
2026-06-27 17:19:17,Fairness,NN8,census,age,0,lambda_clean,0.6,IDR,0.173,0.007,0.884,0.896,17.04,0.0,18.37,35.41
2026-06-27 17:21:31,Fairness,NN8,census,age,0,lambda_clean,0.7,IDR,0.173,0.008,0.884,0.909,14.25,0.0,15.68,29.93
2026-06-27 17:23:05,Fairness,NN8,census,age,0,lambda_clean,0.8,IDR,0.173,0.006,0.884,0.906,14.29,0.0,5.48,19.77
2026-06-27 17:23:58,Fairness,NN8,census,age,0,lambda_clean,0.9,IDR,0.173,0.005,0.884,0.908,5.95,0.0,4.56,10.51
2026-06-27 17:26:18,Fairness,NN8,census,gender,0,lambda_clean,0.1,IDR,0.076,0.004,0.884,0.85,6.18,0.0,18.01,24.19
2026-06-27 17:31:49,Fairness,NN8,census,gender,0,lambda_clean,0.2,IDR,0.076,0.001,0.884,0.867,19.63,0.0,8.66,28.29
2026-06-27 17:34:03,Fairness,NN8,census,gender,0,lambda_clean,0.3,IDR,0.076,0.001,0.884,0.867,5.96,0.0,9.46,15.42
2026-06-27 17:37:29,Fairness,NN8,census,gender,0,lambda_clean,0.4,IDR,0.076,0.004,0.884,0.87,6.5,0.0,17.16,23.66
2026-06-27 17:41:10,Fairness,NN8,census,gender,0,lambda_clean,0.5,IDR,0.076,0.004,0.884,0.88,16.69,0.0,10.14,26.83
2026-06-27 17:43:46,Fairness,NN8,census,gender,0,lambda_clean,0.6,IDR,0.076,0.006,0.884,0.887,5.87,0.0,5.67,11.54
2026-06-27 17:47:48,Fairness,NN8,census,gender,0,lambda_clean,0.7,IDR,0.076,0.006,0.884,0.886,14.68,0.0,18.77,33.45
2026-06-27 17:51:01,Fairness,NN8,census,gender,0,lambda_clean,0.8,IDR,0.076,0.01,0.884,0.884,17.41,0.0,6.62,24.03
2026-06-27 17:53:18,Fairness,NN8,census,gender,0,lambda_clean,0.9,IDR,0.076,0.012,0.884,0.883,6.03,0.0,10.15,16.17
2026-06-27 17:57:23,Fairness,NN8,census,race,0,lambda_clean,0.1,IDR,0.12,0.012,0.884,0.889,9.46,0.0,24.62,34.09
2026-06-27 17:59:34,Fairness,NN8,census,race,0,lambda_clean,0.2,IDR,0.12,0.016,0.884,0.89,8.62,0.0,7.31,15.92
2026-06-27 18:01:59,Fairness,NN8,census,race,0,lambda_clean,0.3,IDR,0.12,0.012,0.884,0.889,6.16,0.0,8.4,14.56
2026-06-27 18:04:23,Fairness,NN8,census,race,0,lambda_clean,0.4,IDR,0.12,0.012,0.884,0.889,6.06,0.0,22.25,28.31
2026-06-27 18:06:57,Fairness,NN8,census,race,0,lambda_clean,0.5,IDR,0.12,0.017,0.884,0.881,20.82,0.0,10.2,31.02
2026-06-27 18:09:10,Fairness,NN8,census,race,0,lambda_clean,0.6,IDR,0.12,0.015,0.884,0.882,8.57,0.0,8.31,16.88
2026-06-27 18:11:03,Fairness,NN8,census,race,0,lambda_clean,0.7,IDR,0.12,0.016,0.884,0.889,10.76,0.0,6.76,17.52
2026-06-27 18:12:49,Fairness,NN8,census,race,0,lambda_clean,0.8,IDR,0.12,0.024,0.884,0.883,7.96,0.0,5.79,13.75
2026-06-27 18:14:41,Fairness,NN8,census,race,0,lambda_clean,0.9,IDR,0.12,0.028,0.884,0.887,7.11,0.0,6.78,13.88
2026-06-27 18:15:59,Fairness,NN10,credit,age,0,lambda_clean,0.1,IDR,0.3083,0.0583,1.0,0.9517,6.07,0.0,9.19,15.25
2026-06-27 18:17:05,Fairness,NN10,credit,age,0,lambda_clean,0.2,IDR,0.3083,0.06,1.0,0.955,5.25,0.0,8.01,13.25
2026-06-27 18:18:08,Fairness,NN10,credit,age,0,lambda_clean,0.3,IDR,0.3083,0.0717,1.0,0.9617,5.04,0.0,6.42,11.46
2026-06-27 18:19:14,Fairness,NN10,credit,age,0,lambda_clean,0.4,IDR,0.3083,0.0567,1.0,0.965,5.07,0.0,8.23,13.3
2026-06-27 18:20:21,Fairness,NN10,credit,age,0,lambda_clean,0.5,IDR,0.3083,0.065,1.0,0.9624,5.06,0.0,9.43,14.49
2026-06-27 18:21:29,Fairness,NN10,credit,age,0,lambda_clean,0.6,IDR,0.3083,0.06,1.0,0.9683,5.36,0.0,8.56,13.92
2026-06-27 18:22:36,Fairness,NN10,credit,age,0,lambda_clean,0.7,IDR,0.3083,0.054,1.0,0.96,5.29,0.0,9.32,14.62
2026-06-27 18:23:45,Fairness,NN10,credit,age,0,lambda_clean,0.8,IDR,0.3083,0.04,1.0,0.965,5.3,0.0,9.57,14.87
2026-06-27 18:24:56,Fairness,NN10,credit,age,0,lambda_clean,0.9,IDR,0.3083,0.0517,1.0,0.96,5.38,0.0,11.94,17.32
2026-06-27 18:26:34,Fairness,NN10,credit,gender,0,lambda_clean,0.1,IDR,0.145,0.055,1.0,0.9567,5.43,0.0,8.66,14.09
2026-06-27 18:28:06,Fairness,NN10,credit,gender,0,lambda_clean,0.2,IDR,0.145,0.0517,1.0,0.955,5.38,0.0,6.63,12.01
2026-06-27 18:29:38,Fairness,NN10,credit,gender,0,lambda_clean,0.3,IDR,0.145,0.0583,1.0,0.9583,5.41,0.0,7.08,12.49
2026-06-27 18:31:13,Fairness,NN10,credit,gender,0,lambda_clean,0.4,IDR,0.145,0.06,1.0,0.9683,5.34,0.0,8.21,13.55
2026-06-27 18:33:00,Fairness,NN10,credit,gender,0,lambda_clean,0.5,IDR,0.145,0.0533,1.0,0.975,5.66,0.0,7.54,13.2
2026-06-27 18:34:31,Fairness,NN10,credit,gender,0,lambda_clean,0.6,IDR,0.145,0.0683,1.0,0.9883,5.07,0.0,8.36,13.43
2026-06-27 18:36:02,Fairness,NN10,credit,gender,0,lambda_clean,0.7,IDR,0.145,0.02,1.0,0.985,5.2,0.0,9.13,14.32
2026-06-27 18:37:31,Fairness,NN10,credit,gender,0,lambda_clean,0.8,IDR,0.145,0.0467,1.0,0.9933,5.24,0.0,6.54,11.78
2026-06-27 18:39:03,Fairness,NN10,credit,gender,0,lambda_clean,0.9,IDR,0.145,0.0667,1.0,0.9917,5.04,0.0,8.42,13.46
2026-06-27 18:39:27,Backdoor,NN2,MNIST,none,1,lambda_clean,0.1,ASR,100.0,0.0668,99.56,99.08,7.96,0.0,7.52,15.48
2026-06-27 18:39:51,Backdoor,NN2,MNIST,none,1,lambda_clean,0.2,ASR,100.0,0.1114,99.56,99.32,7.43,0.0,7.44,14.87
2026-06-27 18:40:14,Backdoor,NN2,MNIST,none,1,lambda_clean,0.3,ASR,100.0,0.1559,99.56,99.48,7.41,0.0,6.92,14.33
2026-06-27 18:40:37,Backdoor,NN2,MNIST,none,1,lambda_clean,0.4,ASR,100.0,0.0223,99.56,99.53,7.4,0.0,7.36,14.76
2026-06-27 18:40:59,Backdoor,NN2,MNIST,none,1,lambda_clean,0.5,ASR,100.0,0.1559,99.56,99.62,7.39,0.0,5.88,13.27
2026-06-27 18:41:28,Backdoor,NN2,MNIST,none,1,lambda_clean,0.6,ASR,100.0,0.0668,99.56,99.75,7.29,0.0,12.52,19.81
2026-06-27 18:41:51,Backdoor,NN2,MNIST,none,1,lambda_clean,0.7,ASR,100.0,0.1673,99.56,99.73,7.47,0.0,7.77,15.24
2026-06-27 18:42:14,Backdoor,NN2,MNIST,none,1,lambda_clean,0.8,ASR,100.0,0.0668,99.56,99.82,7.61,0.0,6.96,14.57
2026-06-27 18:42:39,Backdoor,NN2,MNIST,none,1,lambda_clean,0.9,ASR,100.0,0.1336,99.56,99.82,7.52,0.0,8.61,16.13
2026-06-27 18:43:07,Backdoor,NN2,Fashion-MNIST,none,1,lambda_clean,0.1,ASR,98.5556,0.0,92.4,92.16,9.61,0.0,9.15,18.76
2026-06-27 18:43:34,Backdoor,NN2,Fashion-MNIST,none,1,lambda_clean,0.2,ASR,98.5556,0.0222,92.4,92.3,9.34,0.0,8.07,17.41
2026-06-27 18:44:03,Backdoor,NN2,Fashion-MNIST,none,1,lambda_clean,0.3,ASR,98.5556,0.0444,92.4,92.93,9.55,0.0,10.74,20.29
2026-06-27 18:44:37,Backdoor,NN2,Fashion-MNIST,none,1,lambda_clean,0.4,ASR,98.5556,0.0,92.4,92.36,9.65,0.0,14.3,23.95
2026-06-27 18:45:03,Backdoor,NN2,Fashion-MNIST,none,1,lambda_clean,0.5,ASR,98.5556,0.0,92.4,92.4,9.38,0.0,7.59,16.97
2026-06-27 18:45:32,Backdoor,NN2,Fashion-MNIST,none,1,lambda_clean,0.6,ASR,98.5556,0.0,92.4,92.62,9.35,0.0,10.7,20.05
2026-06-27 18:46:01,Backdoor,NN2,Fashion-MNIST,none,1,lambda_clean,0.7,ASR,98.5556,0.0222,92.4,92.86,9.35,0.0,11.31,20.67
2026-06-27 18:46:31,Backdoor,NN2,Fashion-MNIST,none,1,lambda_clean,0.8,ASR,98.5556,0.0,92.4,92.96,9.48,0.0,10.9,20.38
2026-06-27 18:46:59,Backdoor,NN2,Fashion-MNIST,none,1,lambda_clean,0.9,ASR,98.5556,0.0,92.4,92.94,9.57,0.0,9.08,18.65
2026-06-27 18:47:52,Backdoor,NN2,GTSRB,none,1,lambda_clean,0.1,ASR,93.4678,0.0,97.2354,92.6134,16.16,0.0,27.68,43.84
2026-06-27 18:48:45,Backdoor,NN2,GTSRB,none,1,lambda_clean,0.2,ASR,93.4678,0.1315,97.2354,95.8683,16.83,0.0,28.17,45.0
2026-06-27 18:49:39,Backdoor,NN2,GTSRB,none,1,lambda_clean,0.3,ASR,93.4678,0.0,97.2354,96.6307,16.44,0.0,27.98,44.42
2026-06-27 18:50:32,Backdoor,NN2,GTSRB,none,1,lambda_clean,0.4,ASR,93.4678,0.163,97.2354,96.3931,16.39,0.0,28.51,44.91
2026-06-27 18:51:27,Backdoor,NN2,GTSRB,none,1,lambda_clean,0.5,ASR,93.4678,0.0438,97.2354,97.6194,16.87,0.0,28.44,45.31
2026-06-27 18:52:20,Backdoor,NN2,GTSRB,none,1,lambda_clean,0.6,ASR,93.4678,0.0877,97.2354,97.6443,16.38,0.0,27.92,44.29
2026-06-27 18:53:14,Backdoor,NN2,GTSRB,none,1,lambda_clean,0.7,ASR,93.4678,0.0877,97.2354,97.6708,16.77,0.0,28.09,44.86
2026-06-27 18:54:08,Backdoor,NN2,GTSRB,none,1,lambda_clean,0.8,ASR,93.4678,0.0877,97.2354,97.7603,16.64,0.0,29.19,45.83
2026-06-27 18:55:08,Backdoor,NN2,GTSRB,none,1,lambda_clean,0.9,ASR,93.4678,0.1315,97.2354,97.0194,16.29,0.0,34.57,50.86
2026-06-27 18:55:54,Backdoor,NN2,CIFAR-10,none,1,lambda_clean,0.1,ASR,96.218,1.0456,71.04,69.80,12.03,0.0,22.62,34.65
2026-06-27 18:56:39,Backdoor,NN2,CIFAR-10,none,1,lambda_clean,0.2,ASR,96.218,1.4016,71.04,69.71,12.2,0.0,20.47,32.67
2026-06-27 18:57:22,Backdoor,NN2,CIFAR-10,none,1,lambda_clean,0.3,ASR,96.218,1.4238,71.04,69.30,12.02,0.0,19.67,31.69
2026-06-27 18:58:05,Backdoor,NN2,CIFAR-10,none,1,lambda_clean,0.4,ASR,96.218,1.6018,71.04,69.09,11.8,0.0,19.13,30.93
2026-06-27 18:58:48,Backdoor,NN2,CIFAR-10,none,1,lambda_clean,0.5,ASR,96.218,1.802,71.04,69.56,11.92,0.0,19.41,31.33
2026-06-27 18:59:31,Backdoor,NN2,CIFAR-10,none,1,lambda_clean,0.6,ASR,96.218,1.8687,71.04,69.12,11.9,0.0,19.23,31.13
2026-06-27 19:00:14,Backdoor,NN2,CIFAR-10,none,1,lambda_clean,0.7,ASR,96.218,2.1135,71.04,68.56,11.96,0.0,19.95,31.91
2026-06-27 19:00:56,Backdoor,NN2,CIFAR-10,none,1,lambda_clean,0.8,ASR,96.218,2.1135,71.04,69.52,11.93,0.0,19.45,31.38
2026-06-27 19:01:39,Backdoor,NN2,CIFAR-10,none,1,lambda_clean,0.9,ASR,96.218,2.069,71.04,68.56,11.76,0.0,19.27,31.04
2026-06-27 19:05:01,Safety,NN5,ACAS_Xu_N2_9,none,1,lambda_clean,0.1,VR,1.0,0.0,1.0,1.0,8.26,0.0,187.11,195.37
2026-06-27 19:08:21,Safety,NN5,ACAS_Xu_N2_9,none,1,lambda_clean,0.2,VR,1.0,0.0,1.0,1.0,7.99,0.0,185.33,193.32
2026-06-27 19:11:40,Safety,NN5,ACAS_Xu_N2_9,none,1,lambda_clean,0.3,VR,1.0,0.0,1.0,1.0,8.19,0.0,184.34,192.52
2026-06-27 19:15:01,Safety,NN5,ACAS_Xu_N2_9,none,1,lambda_clean,0.4,VR,1.0,0.0,1.0,1.0,8.33,0.0,186.74,195.07
2026-06-27 19:17:56,Safety,NN5,ACAS_Xu_N2_9,none,1,lambda_clean,0.5,VR,1.0,0.0,1.0,1.0,8.21,0.0,159.41,167.62
2026-06-27 19:20:26,Safety,NN5,ACAS_Xu_N2_9,none,1,lambda_clean,0.6,VR,1.0,0.0,1.0,1.0,5.55,0.0,139.88,145.43
2026-06-27 19:22:58,Safety,NN5,ACAS_Xu_N2_9,none,1,lambda_clean,0.7,VR,1.0,0.0,1.0,0.9999,5.62,0.0,140.85,146.46
2026-06-27 19:25:25,Safety,NN5,ACAS_Xu_N2_9,none,1,lambda_clean,0.8,VR,1.0,0.0,1.0,0.9999,5.46,0.0,137.02,142.49
2026-06-27 19:27:57,Safety,NN5,ACAS_Xu_N2_9,none,1,lambda_clean,0.9,VR,1.0,0.0,1.0,1.0,5.47,0.0,141.34,146.81
2026-06-27 19:30:28,Safety,NN6,ACAS_Xu_N3_3,none,1,lambda_clean,0.1,VR,1.0,0.0,1.0,1.0,6.79,0.0,139.56,146.35
2026-06-27 19:33:02,Safety,NN6,ACAS_Xu_N3_3,none,1,lambda_clean,0.2,VR,1.0,0.0,1.0,1.0,6.65,0.0,141.79,148.44
2026-06-27 19:35:35,Safety,NN6,ACAS_Xu_N3_3,none,1,lambda_clean,0.3,VR,1.0,0.0,1.0,1.0,6.77,0.0,141.11,147.88
2026-06-27 19:38:06,Safety,NN6,ACAS_Xu_N3_3,none,1,lambda_clean,0.4,VR,1.0,0.0,1.0,1.0,6.59,0.0,139.47,146.06
2026-06-27 19:40:44,Safety,NN6,ACAS_Xu_N3_3,none,1,lambda_clean,0.5,VR,1.0,0.0,1.0,1.0,7.16,0.0,145.42,152.58
2026-06-27 19:43:14,Safety,NN6,ACAS_Xu_N3_3,none,1,lambda_clean,0.6,VR,1.0,0.0,1.0,1.0,6.76,0.0,137.88,144.64
2026-06-27 19:45:46,Safety,NN6,ACAS_Xu_N3_3,none,1,lambda_clean,0.7,VR,1.0,0.0,1.0,1.0,6.44,0.0,141.07,147.51
2026-06-27 19:48:18,Safety,NN6,ACAS_Xu_N3_3,none,1,lambda_clean,0.8,VR,1.0,0.0,1.0,1.0,6.65,0.0,140.66,147.32
2026-06-27 19:50:49,Safety,NN6,ACAS_Xu_N3_3,none,1,lambda_clean,0.9,VR,1.0,0.0,1.0,1.0,6.47,0.0,138.75,145.22
2026-06-27 19:53:17,Safety,NN7,ACAS_Xu_N1_9,none,1,lambda_clean,0.1,VR,1.0,0.0011,1.0,0.9997,4.8,0.0,138.54,143.34
2026-06-27 19:55:42,Safety,NN7,ACAS_Xu_N1_9,none,1,lambda_clean,0.2,VR,1.0,0.0014,1.0,0.9999,4.72,0.0,135.41,140.13
2026-06-27 19:58:11,Safety,NN7,ACAS_Xu_N1_9,none,1,lambda_clean,0.3,VR,1.0,0.0014,1.0,0.9999,4.79,0.0,138.78,143.57
2026-06-27 20:00:38,Safety,NN7,ACAS_Xu_N1_9,none,1,lambda_clean,0.4,VR,1.0,0.0014,1.0,0.9999,4.76,0.0,137.66,142.42
2026-06-27 20:03:05,Safety,NN7,ACAS_Xu_N1_9,none,1,lambda_clean,0.5,VR,1.0,0.0000,1.0,1.0,4.83,0.0,137.24,142.07
2026-06-27 20:05:34,Safety,NN7,ACAS_Xu_N1_9,none,1,lambda_clean,0.6,VR,1.0,0.0001,1.0,1.0,4.74,0.0,139.19,143.93
2026-06-27 20:07:57,Safety,NN7,ACAS_Xu_N1_9,none,1,lambda_clean,0.7,VR,1.0,0.0007,1.0,1.0,4.6,0.0,133.61,138.21
2026-06-27 20:10:25,Safety,NN7,ACAS_Xu_N1_9,none,1,lambda_clean,0.8,VR,1.0,0.0296,1.0,1.0,4.79,0.0,138.51,143.29
2026-06-27 20:12:51,Safety,NN7,ACAS_Xu_N1_9,none,1,lambda_clean,0.9,VR,1.0,0.0296,1.0,1.0,4.73,0.0,135.49,140.22
2026-06-27 20:14:23,Fairness,NN9,bank,age,1,lambda_clean,0.1,IDR,0.076,0.0,0.981,0.981,5.15,0.0,4.47,9.62
2026-06-27 20:15:52,Fairness,NN9,bank,age,1,lambda_clean,0.2,IDR,0.076,0.0,0.981,0.981,5.3,0.0,3.19,8.49
2026-06-27 20:17:23,Fairness,NN9,bank,age,1,lambda_clean,0.3,IDR,0.076,0.0,0.981,0.981,5.03,0.0,3.51,8.55
2026-06-27 20:18:53,Fairness,NN9,bank,age,1,lambda_clean,0.4,IDR,0.076,0.0,0.981,0.981,4.99,0.0,3.64,8.63
2026-06-27 20:20:25,Fairness,NN9,bank,age,1,lambda_clean,0.5,IDR,0.076,0.0,0.981,0.981,5.11,0.0,4.75,9.85
2026-06-27 20:21:56,Fairness,NN9,bank,age,1,lambda_clean,0.6,IDR,0.076,0.0,0.981,0.981,5.48,0.0,3.03,8.51
2026-06-27 20:23:24,Fairness,NN9,bank,age,1,lambda_clean,0.7,IDR,0.076,0.001,0.981,0.981,5.0,0.0,2.88,7.88
2026-06-27 20:24:54,Fairness,NN9,bank,age,1,lambda_clean,0.8,IDR,0.076,0.0,0.981,0.981,4.95,0.0,3.79,8.74
2026-06-27 20:26:23,Fairness,NN9,bank,age,1,lambda_clean,0.9,IDR,0.076,0.0,0.981,0.981,5.12,0.0,3.72,8.84
2026-06-27 20:27:15,Fairness,NN8,census,age,1,lambda_clean,0.1,IDR,0.173,0.022,0.884,0.88,5.13,0.0,5.89,11.03
2026-06-27 20:28:07,Fairness,NN8,census,age,1,lambda_clean,0.2,IDR,0.173,0.023,0.884,0.881,5.05,0.0,6.09,11.13
2026-06-27 20:28:58,Fairness,NN8,census,age,1,lambda_clean,0.3,IDR,0.173,0.026,0.884,0.885,5.12,0.0,4.92,10.04
2026-06-27 20:29:49,Fairness,NN8,census,age,1,lambda_clean,0.4,IDR,0.173,0.025,0.884,0.883,5.02,0.0,5.2,10.22
2026-06-27 20:30:40,Fairness,NN8,census,age,1,lambda_clean,0.5,IDR,0.173,0.028,0.884,0.886,5.23,0.0,5.13,10.37
2026-06-27 20:31:32,Fairness,NN8,census,age,1,lambda_clean,0.6,IDR,0.173,0.028,0.884,0.885,5.23,0.0,5.92,11.15
2026-06-27 20:32:25,Fairness,NN8,census,age,1,lambda_clean,0.7,IDR,0.173,0.028,0.884,0.889,5.31,0.0,5.42,10.73
2026-06-27 20:33:16,Fairness,NN8,census,age,1,lambda_clean,0.8,IDR,0.173,0.038,0.884,0.887,5.52,0.0,4.26,9.79
2026-06-27 20:34:08,Fairness,NN8,census,age,1,lambda_clean,0.9,IDR,0.173,0.048,0.884,0.88,5.05,0.0,4.16,9.21
2026-06-27 20:35:51,Fairness,NN8,census,gender,1,lambda_clean,0.1,IDR,0.076,0.0,0.884,0.887,5.31,0.0,6.36,11.67
2026-06-27 20:37:35,Fairness,NN8,census,gender,1,lambda_clean,0.2,IDR,0.076,0.0,0.884,0.886,5.29,0.0,7.0,12.29
2026-06-27 20:39:20,Fairness,NN8,census,gender,1,lambda_clean,0.3,IDR,0.076,0.0,0.884,0.887,5.43,0.0,6.67,12.09
2026-06-27 20:41:01,Fairness,NN8,census,gender,1,lambda_clean,0.4,IDR,0.076,0.005,0.884,0.892,5.25,0.0,5.35,10.6
2026-06-27 20:42:44,Fairness,NN8,census,gender,1,lambda_clean,0.5,IDR,0.076,0.004,0.884,0.89,5.26,0.0,7.27,12.52
2026-06-27 20:44:28,Fairness,NN8,census,gender,1,lambda_clean,0.6,IDR,0.076,0.005,0.884,0.896,5.33,0.0,5.86,11.19
2026-06-27 20:46:10,Fairness,NN8,census,gender,1,lambda_clean,0.7,IDR,0.076,0.006,0.884,0.899,5.41,0.0,5.33,10.74
2026-06-27 20:47:51,Fairness,NN8,census,gender,1,lambda_clean,0.8,IDR,0.076,0.01,0.884,0.887,5.4,0.0,5.41,10.82
2026-06-27 20:49:32,Fairness,NN8,census,gender,1,lambda_clean,0.9,IDR,0.076,0.012,0.884,0.894,5.23,0.0,5.01,10.24
2026-06-27 20:50:55,Fairness,NN8,census,race,1,lambda_clean,0.1,IDR,0.12,0.012,0.884,0.889,5.2,0.0,6.28,11.48
2026-06-27 20:52:18,Fairness,NN8,census,race,1,lambda_clean,0.2,IDR,0.12,0.012,0.884,0.889,5.3,0.0,6.6,11.9
2026-06-27 20:53:40,Fairness,NN8,census,race,1,lambda_clean,0.3,IDR,0.12,0.012,0.884,0.889,5.22,0.0,6.07,11.29
2026-06-27 20:55:04,Fairness,NN8,census,race,1,lambda_clean,0.4,IDR,0.12,0.013,0.884,0.88,5.12,0.0,6.57,11.69
2026-06-27 20:56:28,Fairness,NN8,census,race,1,lambda_clean,0.5,IDR,0.12,0.013,0.884,0.88,5.18,0.0,7.33,12.51
2026-06-27 20:57:51,Fairness,NN8,census,race,1,lambda_clean,0.6,IDR,0.12,0.015,0.884,0.88,5.46,0.0,6.13,11.6
2026-06-27 20:59:13,Fairness,NN8,census,race,1,lambda_clean,0.7,IDR,0.12,0.015,0.884,0.885,5.17,0.0,5.83,11.0
2026-06-27 21:00:33,Fairness,NN8,census,race,1,lambda_clean,0.8,IDR,0.12,0.02,0.884,0.891,5.36,0.0,5.09,10.45
2026-06-27 21:01:55,Fairness,NN8,census,race,1,lambda_clean,0.9,IDR,0.12,0.025,0.884,0.896,5.31,0.0,4.63,9.94
2026-06-27 21:02:44,Fairness,NN10,credit,age,1,lambda_clean,0.1,IDR,0.3083,0.0983,1.0,0.9533,3.34,0.0,4.97,8.31
2026-06-27 21:03:35,Fairness,NN10,credit,age,1,lambda_clean,0.2,IDR,0.3083,0.1017,1.0,0.9533,3.43,0.0,6.14,9.58
2026-06-27 21:04:24,Fairness,NN10,credit,age,1,lambda_clean,0.3,IDR,0.3083,0.091,1.0,0.96,3.3,0.0,6.7,10.0
2026-06-27 21:05:15,Fairness,NN10,credit,age,1,lambda_clean,0.4,IDR,0.3083,0.1183,1.0,0.965,3.33,0.0,6.37,9.7
2026-06-27 21:06:05,Fairness,NN10,credit,age,1,lambda_clean,0.5,IDR,0.3083,0.0823,1.0,0.9667,3.3,0.0,6.93,10.23
2026-06-27 21:06:53,Fairness,NN10,credit,age,1,lambda_clean,0.6,IDR,0.3083,0.1017,1.0,0.96,3.5,0.0,5.21,8.71
2026-06-27 21:07:41,Fairness,NN10,credit,age,1,lambda_clean,0.7,IDR,0.3083,0.0867,1.0,0.965,3.43,0.0,5.74,9.17
2026-06-27 21:08:33,Fairness,NN10,credit,age,1,lambda_clean,0.8,IDR,0.3083,0.1233,1.0,0.9683,3.36,0.0,7.45,10.81
2026-06-27 21:09:24,Fairness,NN10,credit,age,1,lambda_clean,0.9,IDR,0.3083,0.1533,1.0,0.9683,3.42,0.0,6.92,10.34
2026-06-27 21:10:35,Fairness,NN10,credit,gender,1,lambda_clean,0.1,IDR,0.145,0.1,1.0,0.9867,3.56,0.0,6.0,9.56
2026-06-27 21:11:48,Fairness,NN10,credit,gender,1,lambda_clean,0.2,IDR,0.145,0.1117,1.0,0.98,3.55,0.0,7.51,11.06
2026-06-27 21:12:58,Fairness,NN10,credit,gender,1,lambda_clean,0.3,IDR,0.145,0.085,1.0,0.9817,3.41,0.0,5.93,9.34
2026-06-27 21:14:07,Fairness,NN10,credit,gender,1,lambda_clean,0.4,IDR,0.145,0.0917,1.0,0.9867,3.49,0.0,5.62,9.11
2026-06-27 21:15:23,Fairness,NN10,credit,gender,1,lambda_clean,0.5,IDR,0.145,0.065,1.0,0.9883,3.72,0.0,7.59,11.31
2026-06-27 21:16:36,Fairness,NN10,credit,gender,1,lambda_clean,0.6,IDR,0.145,0.0713,1.0,0.9883,3.36,0.0,9.25,12.61
2026-06-27 21:17:45,Fairness,NN10,credit,gender,1,lambda_clean,0.7,IDR,0.145,0.08,1.0,0.98,3.49,0.0,5.76,9.25
2026-06-27 21:18:59,Fairness,NN10,credit,gender,1,lambda_clean,0.8,IDR,0.145,0.0767,1.0,0.98,3.37,0.0,7.87,11.24
2026-06-27 21:20:08,Fairness,NN10,credit,gender,1,lambda_clean,0.9,IDR,0.145,0.0933,1.0,0.9883,3.48,0.0,5.8,9.28
2026-06-27 21:20:27,Backdoor,NN2,MNIST,none,2,lambda_clean,0.1,ASR,100.0,0.1059,99.56,99.16,5.94,0.0,5.88,11.82
2026-06-27 21:20:50,Backdoor,NN2,MNIST,none,2,lambda_clean,0.2,ASR,100.0,0.0445,99.56,99.24,5.77,0.0,10.86,16.63
2026-06-27 21:21:11,Backdoor,NN2,MNIST,none,2,lambda_clean,0.3,ASR,100.0,0.0668,99.56,99.54,5.71,0.0,8.19,13.89
2026-06-27 21:21:36,Backdoor,NN2,MNIST,none,2,lambda_clean,0.4,ASR,100.0,0.0891,99.56,99.54,5.68,0.0,11.54,17.21
2026-06-27 21:21:57,Backdoor,NN2,MNIST,none,2,lambda_clean,0.5,ASR,100.0,0.0891,99.56,99.54,5.52,0.0,8.35,13.87
2026-06-27 21:22:22,Backdoor,NN2,MNIST,none,2,lambda_clean,0.6,ASR,100.0,0.0668,99.56,99.56,5.61,0.0,12.63,18.24
2026-06-27 21:22:44,Backdoor,NN2,MNIST,none,2,lambda_clean,0.7,ASR,100.0,0.1014,99.56,99.56,5.71,0.0,9.31,15.02
2026-06-27 21:23:07,Backdoor,NN2,MNIST,none,2,lambda_clean,0.8,ASR,100.0,0.0668,99.56,99.54,5.86,0.0,9.71,15.57
2026-06-27 21:23:26,Backdoor,NN2,MNIST,none,2,lambda_clean,0.9,ASR,100.0,0.2004,99.56,99.66,5.54,0.0,7.2,12.73
2026-06-27 21:23:51,Backdoor,NN2,Fashion-MNIST,none,2,lambda_clean,0.1,ASR,98.5556,0.0,92.4,91.8,6.88,0.0,11.13,18.0
2026-06-27 21:24:14,Backdoor,NN2,Fashion-MNIST,none,2,lambda_clean,0.2,ASR,98.5556,0.0,92.4,92.2,6.89,0.0,9.52,16.42
2026-06-27 21:24:39,Backdoor,NN2,Fashion-MNIST,none,2,lambda_clean,0.3,ASR,98.5556,0.0,92.4,92.32,7.06,0.0,10.5,17.57
2026-06-27 21:25:02,Backdoor,NN2,Fashion-MNIST,none,2,lambda_clean,0.4,ASR,98.5556,0.0,92.4,92.34,7.15,0.0,9.28,16.43
2026-06-27 21:25:26,Backdoor,NN2,Fashion-MNIST,none,2,lambda_clean,0.5,ASR,98.5556,0.0,92.4,92.46,7.14,0.0,9.56,16.7
2026-06-27 21:25:48,Backdoor,NN2,Fashion-MNIST,none,2,lambda_clean,0.6,ASR,98.5556,0.0,92.4,92.52,7.24,0.0,7.68,14.92
2026-06-27 21:26:15,Backdoor,NN2,Fashion-MNIST,none,2,lambda_clean,0.7,ASR,98.5556,0.0,92.4,92.58,7.11,0.0,12.54,19.66
2026-06-27 21:26:42,Backdoor,NN2,Fashion-MNIST,none,2,lambda_clean,0.8,ASR,98.5556,0.0,92.4,92.5,7.24,0.0,12.48,19.71
2026-06-27 21:27:02,Backdoor,NN2,Fashion-MNIST,none,2,lambda_clean,0.9,ASR,98.5556,0.0,92.4,92.44,7.22,0.0,5.65,12.87
2026-06-27 21:27:42,Backdoor,NN2,GTSRB,none,2,lambda_clean,0.1,ASR,93.4678,0.2099,97.2354,96.9914,12.31,0.0,21.37,33.69
2026-06-27 21:28:23,Backdoor,NN2,GTSRB,none,2,lambda_clean,0.2,ASR,93.4678,0.1754,97.2354,97.9654,12.11,0.0,22.1,34.22
2026-06-27 21:29:05,Backdoor,NN2,GTSRB,none,2,lambda_clean,0.3,ASR,93.4678,0.0438,97.2354,97.7603,12.59,0.0,21.71,34.29
2026-06-27 21:29:46,Backdoor,NN2,GTSRB,none,2,lambda_clean,0.4,ASR,93.4678,0.1069,97.2354,97.527,12.78,0.0,21.69,34.47
2026-06-27 21:30:29,Backdoor,NN2,GTSRB,none,2,lambda_clean,0.5,ASR,93.4678,0.0438,97.2354,97.4708,13.34,0.0,22.22,35.56
2026-06-27 21:31:11,Backdoor,NN2,GTSRB,none,2,lambda_clean,0.6,ASR,93.4678,0.0438,97.2354,97.2419,13.19,0.0,22.33,35.52
2026-06-27 21:31:54,Backdoor,NN2,GTSRB,none,2,lambda_clean,0.7,ASR,93.4678,0.1154,97.2354,97.6739,12.94,0.0,22.27,35.22
2026-06-27 21:32:39,Backdoor,NN2,GTSRB,none,2,lambda_clean,0.8,ASR,93.4678,0.0438,97.2354,97.9784,13.61,0.0,23.9,37.51
2026-06-27 21:33:22,Backdoor,NN2,GTSRB,none,2,lambda_clean,0.9,ASR,93.4678,0.0438,97.2354,97.1058,13.27,0.0,22.68,35.95
2026-06-27 21:33:57,Backdoor,NN2,CIFAR-10,none,2,lambda_clean,0.1,ASR,96.218,1.1123,71.04,69.82,9.27,0.0,16.14,25.41
2026-06-27 21:34:32,Backdoor,NN2,CIFAR-10,none,2,lambda_clean,0.2,ASR,96.218,1.2458,71.04,69.74,9.13,0.0,16.17,25.3
2026-06-27 21:35:06,Backdoor,NN2,CIFAR-10,none,2,lambda_clean,0.3,ASR,96.218,1.5795,71.04,69.26,9.2,0.0,15.89,25.09
2026-06-27 21:35:39,Backdoor,NN2,CIFAR-10,none,2,lambda_clean,0.4,ASR,96.218,1.6463,71.04,69.1,8.83,0.0,15.0,23.83
2026-06-27 21:36:13,Backdoor,NN2,CIFAR-10,none,2,lambda_clean,0.5,ASR,96.218,1.7575,71.04,69.68,8.99,0.0,15.71,24.7
2026-06-27 21:36:48,Backdoor,NN2,CIFAR-10,none,2,lambda_clean,0.6,ASR,96.218,2.0022,71.04,69.1,9.25,0.0,15.95,25.2
2026-06-27 21:37:22,Backdoor,NN2,CIFAR-10,none,2,lambda_clean,0.7,ASR,96.218,2.0467,71.04,68.82,9.36,0.0,15.25,24.61
2026-06-27 21:37:56,Backdoor,NN2,CIFAR-10,none,2,lambda_clean,0.8,ASR,96.218,2.0022,71.04,69.52,8.95,0.0,15.42,24.37
2026-06-27 21:38:32,Backdoor,NN2,CIFAR-10,none,2,lambda_clean,0.9,ASR,96.218,2.0912,71.04,68.96,9.87,0.0,16.75,26.62
2026-06-27 21:41:10,Safety,NN5,ACAS_Xu_N2_9,none,2,lambda_clean,0.1,VR,1.0,0.0,1.0,1.0,5.96,0.0,146.84,152.8
2026-06-27 21:43:37,Safety,NN5,ACAS_Xu_N2_9,none,2,lambda_clean,0.2,VR,1.0,0.0,1.0,1.0,5.65,0.0,136.75,142.39
2026-06-27 21:46:09,Safety,NN5,ACAS_Xu_N2_9,none,2,lambda_clean,0.3,VR,1.0,0.0,1.0,1.0,5.52,0.0,141.27,146.79
2026-06-27 21:48:39,Safety,NN5,ACAS_Xu_N2_9,none,2,lambda_clean,0.4,VR,1.0,0.0,1.0,1.0,5.56,0.0,139.54,145.1
2026-06-27 21:51:09,Safety,NN5,ACAS_Xu_N2_9,none,2,lambda_clean,0.5,VR,1.0,0.0,1.0,1.0,5.63,0.0,139.1,144.73
2026-06-27 21:53:42,Safety,NN5,ACAS_Xu_N2_9,none,2,lambda_clean,0.6,VR,1.0,0.0,1.0,1.0,5.55,0.0,141.88,147.43
2026-06-27 21:56:09,Safety,NN5,ACAS_Xu_N2_9,none,2,lambda_clean,0.7,VR,1.0,0.0,1.0,0.9999,5.36,0.0,137.16,142.52
2026-06-27 21:58:41,Safety,NN5,ACAS_Xu_N2_9,none,2,lambda_clean,0.8,VR,1.0,0.0,1.0,0.9998,5.67,0.0,140.93,146.6
2026-06-27 22:01:12,Safety,NN5,ACAS_Xu_N2_9,none,2,lambda_clean,0.9,VR,1.0,0.0,1.0,0.9998,5.49,0.0,140.41,145.91
2026-06-27 22:03:49,Safety,NN6,ACAS_Xu_N3_3,none,2,lambda_clean,0.1,VR,1.0,0.0,1.0,0.9999,7.08,0.0,145.06,152.14
2026-06-27 22:06:25,Safety,NN6,ACAS_Xu_N3_3,none,2,lambda_clean,0.2,VR,1.0,0.0,1.0,0.9999,6.45,0.0,144.73,151.18
2026-06-27 22:08:58,Safety,NN6,ACAS_Xu_N3_3,none,2,lambda_clean,0.3,VR,1.0,0.0,1.0,1.0,6.72,0.0,140.8,147.52
2026-06-27 22:11:30,Safety,NN6,ACAS_Xu_N3_3,none,2,lambda_clean,0.4,VR,1.0,0.0,1.0,1.0,6.63,0.0,140.64,147.28
2026-06-27 22:14:05,Safety,NN6,ACAS_Xu_N3_3,none,2,lambda_clean,0.5,VR,1.0,0.0,1.0,1.0,6.52,0.0,138.94,145.45
2026-06-27 22:16:38,Safety,NN6,ACAS_Xu_N3_3,none,2,lambda_clean,0.6,VR,1.0,0.0,1.0,1.0,7.02,0.0,141.65,148.67
2026-06-27 22:19:08,Safety,NN6,ACAS_Xu_N3_3,none,2,lambda_clean,0.7,VR,1.0,0.0,1.0,1.0,6.74,0.0,137.8,144.54
2026-06-27 22:21:48,Safety,NN6,ACAS_Xu_N3_3,none,2,lambda_clean,0.8,VR,1.0,0.0,1.0,1.0,6.38,0.0,148.01,154.39
2026-06-27 22:24:19,Safety,NN6,ACAS_Xu_N3_3,none,2,lambda_clean,0.9,VR,1.0,0.0,1.0,1.0,6.56,0.0,139.57,146.13
2026-06-27 22:26:48,Safety,NN7,ACAS_Xu_N1_9,none,2,lambda_clean,0.1,VR,1.0,0.0011,1.0,0.9997,5.12,0.0,138.81,143.93
2026-06-27 22:29:20,Safety,NN7,ACAS_Xu_N1_9,none,2,lambda_clean,0.2,VR,1.0,0.0011,1.0,0.9997,4.83,0.0,142.29,147.13
2026-06-27 22:31:45,Safety,NN7,ACAS_Xu_N1_9,none,2,lambda_clean,0.3,VR,1.0,0.0109,1.0,1.0,4.61,0.0,134.58,139.19
2026-06-27 22:34:19,Safety,NN7,ACAS_Xu_N1_9,none,2,lambda_clean,0.4,VR,1.0,0.0141,1.0,1.0,5.2,0.0,143.68,148.88
2026-06-27 22:36:43,Safety,NN7,ACAS_Xu_N1_9,none,2,lambda_clean,0.5,VR,1.0,0.0071,1.0,1.0,5.16,0.0,133.54,138.7
2026-06-27 22:39:11,Safety,NN7,ACAS_Xu_N1_9,none,2,lambda_clean,0.6,VR,1.0,0.0000,1.0,1.0,4.88,0.0,138.05,142.93
2026-06-27 22:41:38,Safety,NN7,ACAS_Xu_N1_9,none,2,lambda_clean,0.7,VR,1.0,0.0000,1.0,1.0,4.75,0.0,137.31,142.05
2026-06-27 22:44:01,Safety,NN7,ACAS_Xu_N1_9,none,2,lambda_clean,0.8,VR,1.0,0.0000,1.0,1.0,4.63,0.0,133.31,137.94
2026-06-27 22:46:33,Safety,NN7,ACAS_Xu_N1_9,none,2,lambda_clean,0.9,VR,1.0,0.0562,1.0,1.0,5.24,0.0,141.58,146.82
2026-06-27 22:48:18,Fairness,NN9,bank,age,2,lambda_clean,0.1,IDR,0.076,0.0,0.981,0.981,6.28,0.0,4.33,10.62
2026-06-27 22:49:50,Fairness,NN9,bank,age,2,lambda_clean,0.2,IDR,0.076,0.0,0.981,0.981,5.11,0.0,3.37,8.48
2026-06-27 22:51:22,Fairness,NN9,bank,age,2,lambda_clean,0.3,IDR,0.076,0.0,0.981,0.981,5.41,0.0,3.89,9.31
2026-06-27 22:52:54,Fairness,NN9,bank,age,2,lambda_clean,0.4,IDR,0.076,0.0,0.981,0.981,5.22,0.0,3.64,8.86
2026-06-27 22:54:23,Fairness,NN9,bank,age,2,lambda_clean,0.5,IDR,0.076,0.0,0.981,0.981,5.12,0.0,3.55,8.67
2026-06-27 22:55:53,Fairness,NN9,bank,age,2,lambda_clean,0.6,IDR,0.076,0.001,0.981,0.981,5.02,0.0,3.11,8.13
2026-06-27 22:57:24,Fairness,NN9,bank,age,2,lambda_clean,0.7,IDR,0.076,0.0,0.981,0.981,5.14,0.0,3.17,8.32
2026-06-27 22:58:55,Fairness,NN9,bank,age,2,lambda_clean,0.8,IDR,0.076,0.0,0.981,0.981,5.0,0.0,3.89,8.9
2026-06-27 23:00:27,Fairness,NN9,bank,age,2,lambda_clean,0.9,IDR,0.076,0.001,0.981,0.981,5.05,0.0,3.03,8.08
2026-06-27 23:01:36,Fairness,NN8,census,age,2,lambda_clean,0.1,IDR,0.173,0.023,0.884,0.88,6.65,0.0,6.56,13.21
2026-06-27 23:02:28,Fairness,NN8,census,age,2,lambda_clean,0.2,IDR,0.173,0.023,0.884,0.892,5.08,0.0,5.75,10.83
2026-06-27 23:03:22,Fairness,NN8,census,age,2,lambda_clean,0.3,IDR,0.173,0.023,0.884,0.911,5.32,0.0,5.79,11.12
2026-06-27 23:04:13,Fairness,NN8,census,age,2,lambda_clean,0.4,IDR,0.173,0.021,0.884,0.914,5.16,0.0,5.26,10.41
2026-06-27 23:05:08,Fairness,NN8,census,age,2,lambda_clean,0.5,IDR,0.173,0.022,0.884,0.91,5.22,0.0,5.46,10.68
2026-06-27 23:06:00,Fairness,NN8,census,age,2,lambda_clean,0.6,IDR,0.173,0.025,0.884,0.926,5.09,0.0,5.57,10.66
2026-06-27 23:06:53,Fairness,NN8,census,age,2,lambda_clean,0.7,IDR,0.173,0.029,0.884,0.928,5.1,0.0,6.27,11.37
2026-06-27 23:07:44,Fairness,NN8,census,age,2,lambda_clean,0.8,IDR,0.173,0.034,0.884,0.926,5.22,0.0,4.79,10.02
2026-06-27 23:08:37,Fairness,NN8,census,age,2,lambda_clean,0.9,IDR,0.173,0.049,0.884,0.922,5.15,0.0,4.57,9.72
2026-06-27 23:10:26,Fairness,NN8,census,gender,2,lambda_clean,0.1,IDR,0.076,0.001,0.884,0.855,5.54,0.0,8.27,13.81
2026-06-27 23:12:08,Fairness,NN8,census,gender,2,lambda_clean,0.2,IDR,0.076,0.004,0.884,0.86,5.27,0.0,6.02,11.29
2026-06-27 23:13:51,Fairness,NN8,census,gender,2,lambda_clean,0.3,IDR,0.076,0.002,0.884,0.868,5.49,0.0,6.68,12.17
2026-06-27 23:15:37,Fairness,NN8,census,gender,2,lambda_clean,0.4,IDR,0.076,0.005,0.884,0.87,5.33,0.0,6.8,12.14
2026-06-27 23:17:18,Fairness,NN8,census,gender,2,lambda_clean,0.5,IDR,0.076,0.006,0.884,0.883,5.27,0.0,5.77,11.04
2026-06-27 23:18:58,Fairness,NN8,census,gender,2,lambda_clean,0.6,IDR,0.076,0.009,0.884,0.885,5.31,0.0,5.14,10.44
2026-06-27 23:20:41,Fairness,NN8,census,gender,2,lambda_clean,0.7,IDR,0.076,0.011,0.884,0.886,5.26,0.0,5.04,10.3
2026-06-27 23:22:24,Fairness,NN8,census,gender,2,lambda_clean,0.8,IDR,0.076,0.01,0.884,0.884,5.47,0.0,5.82,11.28
2026-06-27 23:24:07,Fairness,NN8,census,gender,2,lambda_clean,0.9,IDR,0.076,0.012,0.884,0.883,5.37,0.0,5.73,11.09
2026-06-27 23:25:32,Fairness,NN8,census,race,2,lambda_clean,0.1,IDR,0.12,0.012,0.884,0.881,5.27,0.0,5.96,11.23
2026-06-27 23:26:55,Fairness,NN8,census,race,2,lambda_clean,0.2,IDR,0.12,0.012,0.884,0.889,5.51,0.0,6.26,11.77
2026-06-27 23:28:19,Fairness,NN8,census,race,2,lambda_clean,0.3,IDR,0.12,0.012,0.884,0.889,5.25,0.0,7.3,12.55
2026-06-27 23:29:40,Fairness,NN8,census,race,2,lambda_clean,0.4,IDR,0.12,0.017,0.884,0.891,5.22,0.0,5.59,10.81
2026-06-27 23:31:03,Fairness,NN8,census,race,2,lambda_clean,0.5,IDR,0.12,0.016,0.884,0.891,5.1,0.0,6.31,11.41
2026-06-27 23:32:27,Fairness,NN8,census,race,2,lambda_clean,0.6,IDR,0.12,0.015,0.884,0.895,5.37,0.0,5.88,11.25
2026-06-27 23:33:49,Fairness,NN8,census,race,2,lambda_clean,0.7,IDR,0.12,0.016,0.884,0.899,5.48,0.0,5.05,10.54
2026-06-27 23:35:10,Fairness,NN8,census,race,2,lambda_clean,0.8,IDR,0.12,0.02,0.884,0.891,5.19,0.0,4.89,10.09
2026-06-27 23:36:29,Fairness,NN8,census,race,2,lambda_clean,0.9,IDR,0.12,0.024,0.884,0.896,5.23,0.0,4.32,9.55
2026-06-27 23:37:28,Fairness,NN10,credit,age,2,lambda_clean,0.1,IDR,0.3083,0.1017,1.0,0.8517,4.15,0.0,5.74,9.89
2026-06-27 23:38:17,Fairness,NN10,credit,age,2,lambda_clean,0.2,IDR,0.3083,0.1283,1.0,0.855,3.33,0.0,5.88,9.22
2026-06-27 23:39:06,Fairness,NN10,credit,age,2,lambda_clean,0.3,IDR,0.3083,0.1133,1.0,0.9533,3.62,0.0,5.54,9.15
2026-06-27 23:39:56,Fairness,NN10,credit,age,2,lambda_clean,0.4,IDR,0.3083,0.1067,1.0,0.9633,3.44,0.0,6.86,10.3
2026-06-27 23:40:43,Fairness,NN10,credit,age,2,lambda_clean,0.5,IDR,0.3083,0.0945,1.0,0.9667,3.3,0.0,4.57,7.87
2026-06-27 23:41:33,Fairness,NN10,credit,age,2,lambda_clean,0.6,IDR,0.3083,0.0895,1.0,0.9633,3.52,0.0,6.81,10.33
2026-06-27 23:42:22,Fairness,NN10,credit,age,2,lambda_clean,0.7,IDR,0.3083,0.0867,1.0,0.9683,3.27,0.0,7.04,10.31
2026-06-27 23:43:12,Fairness,NN10,credit,age,2,lambda_clean,0.8,IDR,0.3083,0.0865,1.0,0.965,3.34,0.0,6.9,10.24
2026-06-27 23:44:02,Fairness,NN10,credit,age,2,lambda_clean,0.9,IDR,0.3083,0.0857,1.0,0.975,3.35,0.0,7.09,10.43
2026-06-27 23:45:17,Fairness,NN10,credit,gender,2,lambda_clean,0.1,IDR,0.145,0.0533,1.0,0.95,3.95,0.0,6.05,10.0
2026-06-27 23:46:27,Fairness,NN10,credit,gender,2,lambda_clean,0.2,IDR,0.145,0.065,1.0,0.955,3.46,0.0,6.26,9.73
2026-06-27 23:47:38,Fairness,NN10,credit,gender,2,lambda_clean,0.3,IDR,0.145,0.0533,1.0,0.9583,3.55,0.0,5.46,9.0
2026-06-27 23:48:51,Fairness,NN10,credit,gender,2,lambda_clean,0.4,IDR,0.145,0.0733,1.0,0.96,3.41,0.0,9.43,12.84
2026-06-27 23:50:02,Fairness,NN10,credit,gender,2,lambda_clean,0.5,IDR,0.145,0.0267,1.0,0.9717,3.46,0.0,6.95,10.41
2026-06-27 23:51:16,Fairness,NN10,credit,gender,2,lambda_clean,0.6,IDR,0.145,0.035,1.0,0.9833,3.8,0.0,6.71,10.51
2026-06-27 23:52:30,Fairness,NN10,credit,gender,2,lambda_clean,0.7,IDR,0.145,0.035,1.0,0.9983,3.4,0.0,9.57,12.98
2026-06-27 23:53:45,Fairness,NN10,credit,gender,2,lambda_clean,0.8,IDR,0.145,0.065,1.0,0.9917,3.46,0.0,7.44,10.9
2026-06-27 23:54:54,Fairness,NN10,credit,gender,2,lambda_clean,0.9,IDR,0.145,0.0567,1.0,0.9913,3.41,0.0,4.25,7.66
